"ID","Company","City","Country","Continent"
"1","Bytedance","Beijing","China","Asia"
"2","SpaceX","Hawthorne","United States","North America"
"3","SHEIN","Shenzhen","China","Asia"
"4","Stripe","San Francisco","United States","North America"
"5","Klarna","Stockholm","Sweden","Europe"
"6","Canva","Surry Hills","Australia","Oceania"
"7","Checkout.com","London","United Kingdom","Europe"
"8","Instacart","San Francisco","United States","North America"
"9","JUUL Labs","San Francisco","United States","North America"
"10","Databricks","San Francisco","United States","North America"
"11","Revolut","London","United Kingdom","Europe"
"12","Epic Games","Cary","United States","North America"
"13","FTX","","Bahamas","North America"
"14","Fanatics","Jacksonville","United States","North America"
"15","Chime","San Francisco","United States","North America"
"16","BYJU's","Bengaluru","India","Asia"
"17","J&T Express","Jakarta","Indonesia","Asia"
"18","Xiaohongshu","Shanghai","China","Asia"
"19","Miro","San Francisco","United States","North America"
"20","Yuanfudao","Beijing","China","Asia"
"21","Rapyd","London","United Kingdom","Europe"
"22","Discord","San Francisco","United States","North America"
"23","Genki Forest","Beijing","China","Asia"
"24","goPuff","Philadelphia","United States","North America"
"25","Blockchain.com","London","United Kingdom","Europe"
"26","Plaid","San Francisco","United States","North America"
"27","Devoted Health","Waltham","United States","North America"
"28","OpenSea","New York","United States","North America"
"29","Grammarly","San Francisco","United States","North America"
"30","Argo AI","Pittsburgh","United States","North America"
"31","Northvolt","Stockholm","Sweden","Europe"
"32","Faire","San Francisco","United States","North America"
"33","Airtable","San Francisco","United States","North America"
"34","Brex","San Francisco","United States","North America"
"35","Getir","Istanbul","Turkey","Europe"
"36","Biosplice Therapeutics","San Diego","United States","North America"
"37","Bitmain","Beijing","China","Asia"
"38","GoodLeap","Roseville","United States","North America"
"39","Xingsheng Selected","Changsha","China","Asia"
"40","ZongMu Technology","Shanghai","China","Asia"
"41","Bolt","Tallinn","Estonia","Europe"
"42","Swiggy","Bengaluru","India","Asia"
"43","Weilong Foods","Luohe","China","Asia"
"44","Global Switch","London","United Kingdom","Europe"
"45","Bolt","San Francisco","United States","North America"
"46","Celonis","Munich","Germany","Europe"
"47","Zuoyebang","Beijing","China","Asia"
"48","Ripple","San Francisco","United States","North America"
"49","OYO Rooms","Gurugram","India","Asia"
"50","OutSystems","Boston","United States","North America"
"51","ServiceTitan","Glendale","United States","North America"
"52","Alchemy","San Francisco","United States","North America"
"53","Chehaoduo","Beijing","China","Asia"
"54","Digital Currency Group","New York","United States","North America"
"55","Figma","San Francisco","United States","North America"
"56","Gusto","San Francisco","United States","North America"
"57","Lalamove","Cheung Sha Wan","Hong Kong","Asia"
"58","Notion Labs","San Francisco","United States","North America"
"59","reddit","San Francisco","United States","North America"
"60","Talkdesk","San Francisco","United States","North America"
"61","Thrasio","Walpole","United States","North America"
"62","Dunamu","Seoul","South Korea","Asia"
"63","Yanolja","Seoul","South Korea","Asia"
"64","Pony.ai","Fremont","United States","North America"
"65","Nuro","Mountain View","United States","North America"
"66","Snyk","Boston","United States","North America"
"67","Kavak","Lerma de Villada","Mexico","North America"
"68","N26","Berlin","Germany","Europe"
"69","Klaviyo","Boston","United States","North America"
"70","Niantic","San Francisco","United States","North America"
"71","Tanium","Kirkland","United States","North America"
"72","Dream11","Mumbai","India","Asia"
"73","DJI Innovations","Shenzhen","China","Asia"
"74","Netskope","Santa Clara","United States","North America"
"75","Razorpay","Bengaluru","India","Asia"
"76","Dapper Labs","Vancouver","Canada","North America"
"77","Lacework","San Jose","United States","North America"
"78","Tipalti","San Mateo","United States","North America"
"79","Hopin","London","United Kingdom","Europe"
"80","Caris Life Sciences","Irving","United States","North America"
"81","Ramp","New York","United States","North America"
"82","Tempus","Chicago","United States","North America"
"83","Fireblocks","New York","United States","North America"
"84","Flexport","San Francisco","United States","North America"
"85","National Stock Exchange of India","Mumbai","India","Asia"
"86","Meicai","Beijing","China","Asia"
"87","Impossible Foods","Redwood City","United States","North America"
"88","CRED","Bengaluru","India","Asia"
"89","Attentive","Hoboken","United States","North America"
"90","Ola Cabs","Bengaluru","India","Asia"
"91","Rippling","San Francisco","United States","North America"
"92","Carta","San Francisco","United States","North America"
"93","Toss","Seoul","South Korea","Asia"
"94","Ziroom","Beijing","China","Asia"
"95","Scale AI","San Francisco","United States","North America"
"96","Gong","Palo Alto","United States","North America"
"97","TripActions","Palo Alto","United States","North America"
"98","1Password","Toronto","Canada","North America"
"99","Automation Anywhere","San Jose","United States","North America"
"100","Gemini","New York","United States","North America"
"101","ConsenSys","New York","United States","North America"
"102","Ro","New York","United States","North America"
"103","Black Unicorn Factory","Los Angeles","United States","North America"
"104","Easyhome","Beijing","China","Asia"
"105","WeDoctor","Hangzhou","China","Asia"
"106","SVOLT","Changzhou","China","Asia"
"107","Airwallex","Melbourne","Australia","Oceania"
"108","Deel","San Francisco","United States","North America"
"109","Mambu","Amsterdam","Netherlands","Europe"
"110","Mollie","Amsterdam","Netherlands","Europe"
"111","Doctolib","Paris","France","Europe"
"112","FiveTran","Oakland","United States","North America"
"113","Postman","San Francisco","United States","North America"
"114","Back Market","Paris","France","Europe"
"115","Cityblock Health","Brooklyn","United States","North America"
"116","DataRobot","Boston","United States","North America"
"117","Personio","Munich","Germany","Europe"
"118","RELEX Solutions","Helsinki","Finland","Europe"
"119","Vice Media","Brooklyn","United States","North America"
"120","Workato","Mountain View","United States","North America"
"121","Upgrade","San Francisco","United States","North America"
"122","Lianjia","Beijing","China","Asia"
"123","Hinge Health","San Francisco","United States","North America"
"124","Lyra Health","Burlingame","United States","North America"
"125","Benchling","San Francisco","United States","North America"
"126","Better.com","New York","United States","North America"
"127","iCapital Network","New York","United States","North America"
"128","Wiz","Tel Aviv","Israel","Asia"
"129","DailyHunt","Bengaluru","India","Asia"
"130","Howden Group Holdings","London","United Kingdom","Europe"
"131","Meesho","Bengaluru","India","Asia"
"132","Meizu Technology","Zhuhai","China","Asia"
"133","CloudWalk Technology","Guangzhou","China","Asia"
"134","Royole Corporation","Shenzhen","China","Asia"
"135","Monzo","London","United Kingdom","Europe"
"136","Socure","New York","United States","North America"
"137","VIPKid","Beijing","China","Asia"
"138","Vinted","Vilnius","Lithuania","Europe"
"139","Lendable","London","United Kingdom","Europe"
"140","UBTECH Robotics","Shenzhen","China","Asia"
"141","Anduril","Irvine","United States","North America"
"142","Checkr","San Francisco","United States","North America"
"143","Color","Burlingame","United States","North America"
"144","Dataiku","New York","United States","North America"
"145","BetterUp","San Francisco","United States","North America"
"146","Pleo","Copenhagen","Denmark","Europe"
"147","Trade Republic","Berlin","Germany","Europe"
"148","Chipone","Beijing","China","Asia"
"149","Collibra","Brussels","Belgium","Europe"
"150","Rappi","Bogota","Colombia","South America"
"151","6Sense","San Francisco","United States","North America"
"152","Cerebral","San Francisco","United States","North America"
"153","Creditas","Sao Paulo","Brazil","South America"
"154","OneTrust","Atlanta","United States","North America"
"155","QuintoAndar","Campinas","Brazil","South America"
"156","C6 Bank","Sao Paulo","Brazil","South America"
"157","Cockroach Labs","New York","United States","North America"
"158","Hopper","Montreal","Canada","North America"
"159","Icertis","Bellevue","United States","North America"
"160","Moon Active","Tel Aviv","Israel","Asia"
"161","OfBusiness","Gurgaon","India","Asia"
"162","Ola Electric Mobility","Bengaluru","India","Asia"
"163","Pine Labs","Noida","India","Asia"
"164","Qonto","Paris","France","Europe"
"165","SambaNova Systems","Palo Alto","United States","North America"
"166","United Imaging Healthcare","Shanghai","China","Asia"
"167","WM Motor","Shanghai","China","Asia"
"168","ZEPZ","London","United Kingdom","Europe"
"169","Abogen","Suzhou","China","Asia"
"170","Greensill","London","United Kingdom","Europe"
"171","HyalRoute","","Singapore","Asia"
"172","Radiology Partners","El Segundo","United States","North America"
"173","Yello Mobile","Seoul","South Korea","Asia"
"174","Turing","Palo Alto","United States","North America"
"175","Lenskart","Faridabad","India","Asia"
"176","Kraken","San Francisco","United States","North America"
"177","Horizon Robotics","Beijing","China","Asia"
"178","MoonPay","Miami","United States","North America"
"179","Celsius Network","Hoboken","United States","North America"
"180","ChargeBee Technologies","Walnut","United States","North America"
"181","Coalition","San Francisco","United States","North America"
"182","Commure","San Francisco","United States","North America"
"183","Flock Safety","Atlanta","United States","North America"
"184","Handshake","San Francisco","United States","North America"
"185","Highspot","Seattle","United States","North America"
"186","Indigo Ag","Boston","United States","North America"
"187","Mirakl","Paris","France","Europe"
"188","Rec Room","Seattle","United States","North America"
"189","Tekion","San Ramon","United States","North America"
"190","Otto Bock HealthCare","Duderstadt","Germany","Europe"
"191","Outreach","Seattle","United States","North America"
"192","WeRide","Guangzhou","China","Asia"
"193","Applied Intuition","Sunnyvale","United States","North America"
"194","Course Hero","Redwood City","United States","North America"
"195","Relativity","Chicago","United States","North America"
"196","Whoop","Boston","United States","North America"
"197","Arctic Wolf Networks","Eden Prairie","United States","North America"
"198","GOAT","Culver City","United States","North America"
"199","Noom","New York","United States","North America"
"200","Papaya Global","New York","United States","North America"
"201","Redwood Materials","Carson City","United States","North America"
"202","ShareChat","Bengaluru","India","Asia"
"203","Sorare","Paris","France","Europe"
"204","VAST Data","New York","United States","North America"
"205","Articulate","New York","United States","North America"
"206","Dutchie","Bend","United States","North America"
"207","FalconX","San Mateo","United States","North America"
"208","Guild Education","Denver","United States","North America"
"209","Chainalysis","New York","United States","North America"
"210","dbt Labs","Philadelphia","United States","North America"
"211","Globalization Partners","Boston","United States","North America"
"212","Intarcia Therapeutics","Boston","United States","North America"
"213","Relativity Space","Inglewood","United States","North America"
"214","StockX","Detroit","United States","North America"
"215","ThoughtSpot","Sunnyvale","United States","North America"
"216","SSENSE","Montreal","Canada","North America"
"217","BitPanda","Vienna","Austria","Europe"
"218","Dataminr","New York","United States","North America"
"219","Weee!","Fremont","United States","North America"
"220","Medlinker","Chengdu","China","Asia"
"221","Hozon Auto","Shanghai","China","Asia"
"222","Aurora Solar","San Francisco","United States","North America"
"223","Branch","Redwood City","United States","North America"
"224","BrowserStack","Dublin","Ireland","Europe"
"225","Cerebras Systems","Los Altos","United States","North America"
"226","ClickUp","San Diego","United States","North America"
"227","Clubhouse","San Francisco","United States","North America"
"228","Farmers Business Network","San Carlos","United States","North America"
"229","Houzz","Palo Alto","United States","North America"
"230","MEGVII","Beijing","China","Asia"
"231","Melio","New York","United States","North America"
"232","Next Insurance","Palo Alto","United States","North America"
"233","Olive","Columbus","United States","North America"
"234","Patreon","San Francisco","United States","North America"
"235","PointClickCare","Mississauga","Canada","North America"
"236","Rubrik","Palo Alto","United States","North America"
"237","Vuori","Carlsbad","United States","North America"
"238","Webflow","San Francisco","United States","North America"
"239","Yuga Labs","Miami","United States","North America"
"240","Zapier","Sunnyvale","United States","North America"
"241","Dadi Cinema","Shenzhen","China","Asia"
"242","Kurly","Seoul","South Korea","Asia"
"243","Moglix","","Singapore","Asia"
"244","OpenAI","San Francisco","United States","North America"
"245","Upstox","Mumbai","India","Asia"
"246","Vista Global","Dubai","United Arab Emirates","Asia"
"247","Yixia","Beijing","China","Asia"
"248","Automattic","San Francisco","United States","North America"
"249","OakNorth Bank","London","United Kingdom","Europe"
"250","Worldcoin","San Francisco","United States","North America"
"251","Hive Box","Shenzhen","China","Asia"
"252","Trax","","Singapore","Asia"
"253","MessageBird","Amsterdam","Netherlands","Europe"
"254","Cohesity","San Jose","United States","North America"
"255","Cybereason","Boston","United States","North America"
"256","A24 Films","New York","United States","North America"
"257","Acronis","Schaffhausen","Switzerland","Europe"
"258","Aura","Burlington","United States","North America"
"259","BYTON","Nanjing","China","Asia"
"260","Cato Networks","Tel Aviv","Israel","Asia"
"261","Digit Insurance","Bengaluru","India","Asia"
"262","Fetch Rewards","Madison","United States","North America"
"263","Games24x7","Mumbai","India","Asia"
"264","GoStudent","Vienna","Austria","Europe"
"265","Immutable","Sydney","Australia","Oceania"
"266","Infra.Market","Thane","India","Asia"
"267","Side","San Francisco","United States","North America"
"268","SiFive","San Mateo","United States","North America"
"269","Somatus","McLean","United States","North America"
"270","Sysdig","San Francisco","United States","North America"
"271","Uniphore","Palo Alto","United States","North America"
"272","Varo Bank","San Francisco","United States","North America"
"273","Vercel","San Francisco","United States","North America"
"274","Oura","Oulu","Finland","Europe"
"275","Unacademy","Bengaluru","India","Asia"
"276","Axonius","New York","United States","North America"
"277","Clari","Sunnyvale","United States","North America"
"278","ManoMano","Paris","France","Europe"
"279","Pendo","Raleigh","United States","North America"
"280","Plume","Palo Alto","United States","North America"
"281","JumpCloud","Louisville","United States","North America"
"282","Project44","Chicago","United States","North America"
"283","Sourcegraph","San Francisco","United States","North America"
"284","OwnBackup","Englewood Cliffs","United States","North America"
"285","Starburst","Boston","United States","North America"
"286","Youxia Motors","Shanghai","China","Asia"
"287","Zetwerk","Bengaluru","India","Asia"
"288","Cars24","Gurgaon","India","Asia"
"289","Ethos","San Francisco","United States","North America"
"290","Komodo Health","San Francisco","United States","North America"
"291","Nextiva","Scottsdale","United States","North America"
"292","o9 Solutions","Dallas","United States","North America"
"293","Scopely","Culver City","United States","North America"
"294","Sila Nanotechnologies","Alameda","United States","North America"
"295","Via","New York","United States","North America"
"296","Transmit Security","Tel Aviv","Israel","Asia"
"297","BlockDaemon","Los Angeles","United States","North America"
"298","Convoy","Seattle","United States","North America"
"299","Dream Games","Istanbul","Turkey","Europe"
"300","Illumio","Sunnyvale","United States","North America"
"301","MasterClass","San Francisco","United States","North America"
"302","Graphcore","Bristol","United Kingdom","Europe"
"303","ApplyBoard","Kitchener","Canada","North America"
"304","Blockstream","Vancouver","Canada","North America"
"305","Cedar","New York","United States","North America"
"306","ContentSquare","Paris","France","Europe"
"307","Eruditus Executive Education","Mumbai","India","Asia"
"308","Innovaccer","San Francisco","United States","North America"
"309","Ironclad","Sacramento","United States","North America"
"310","Skims","Los Angeles","United States","North America"
"311","Thumbtack","San Francisco","United States","North America"
"312","Zipline","South San Francisco","United States","North America"
"313","BharatPe","New Delhi","India","Asia"
"314","DriveWealth","Chatham","United States","North America"
"315","Flink Food","Berlin","Germany","Europe"
"316","PsiQuantum","Palo Alto","United States","North America"
"317","SpotOn","San Francisco","United States","North America"
"318","Gorillas","Berlin","Germany","Europe"
"319","HighRadius","Houston","United States","North America"
"320","Loft","Sao Paulo","Brazil","South America"
"321","Nuvemshop","Sao Paulo","Brazil","South America"
"322","Udaan","Bengaluru","India","Asia"
"323","Workrise","Austin","United States","North America"
"324","ActiveCampaign","Chicago","United States","North America"
"325","Age of Learning","Glendale","United States","North America"
"326","Amber Group","","Hong Kong","Asia"
"327","Anchorage Digital","San Francisco","United States","North America"
"328","BlockFi","Jersey City","United States","North America"
"329","Calendly","Atlanta","United States","North America"
"330","Carbon Health","San Francisco","United States","North America"
"331","Circle","Boston","United States","North America"
"332","CMR Surgical","Cambridge","United Kingdom","Europe"
"333","Contentful","Berlin","Germany","Europe"
"334","Cross River Bank","Fort Lee","United States","North America"
"335","Delhivery","Gurgaon","India","Asia"
"336","FlixBus","Munich","Germany","Europe"
"337","Flutterwave","San Francisco","United States","North America"
"338","Forter","New York","United States","North America"
"339","Grafana Labs","New York","United States","North America"
"340","Groww","Bengaluru","India","Asia"
"341","Inxeption","San Francisco","United States","North America"
"342","KK Group","Dongguan","China","Asia"
"343","Lattice","San Francisco","United States","North America"
"344","LaunchDarkly","Oakland","United States","North America"
"345","Lucid","South Jordan","United States","North America"
"346","Outschool","San Francisco","United States","North America"
"347","Podium","Lehi","United States","North America"
"348","Remote","San Francisco","United States","North America"
"349","Seismic","San Diego","United States","North America"
"350","Sky Mavis","Ho Chi Minh City","Vietnam","Asia"
"351","SouChe Holdings","Hangzhou","China","Asia"
"352","TradingView","Westerville","United States","North America"
"353","Traveloka","Jakarta","Indonesia","Asia"
"354","wefox","Berlin","Germany","Europe"
"355","Wildlife Studios","Sao Paulo","Brazil","South America"
"356","1047 Games","Zephyr Cove","United States","North America"
"357","Baiwang","Beijing","China","Asia"
"358","Boba","San Francisco","United States","North America"
"359","Bought By Many","London","United Kingdom","Europe"
"360","Cambridge Mobile Telematics","Cambridge","United States","North America"
"361","Carzone","Jiangsu","China","Asia"
"362","CFGI","Boston","United States","North America"
"363","Cgtz","Hangzhou","China","Asia"
"364","Changingedu","Shanghai","China","Asia"
"365","eDaili","Shanghai","China","Asia"
"366","ENOVATE","Shanghai","China","Asia"
"367","Fenbi Education","Beijing","China","Asia"
"368","Hesai Tech","Shanghai","China","Asia"
"369","Il Makiage","New York","United States","North America"
"370","Iluvatar CoreX","Shanghai","China","Asia"
"371","Jusfoun Big Data","Beijing","China","Asia"
"372","Pagaya","Tel Aviv","Israel","Asia"
"373","PolicyBazaar","Gurgaon","India","Asia"
"374","Promasidor Holdings","Bryanston","South Africa","Asia"
"375","Tubatu.com","Shenzhen","China","Asia"
"376","Ximalaya FM","Shanghai","China","Asia"
"377","HEYTEA","Shenzhen","China","Asia"
"378","BGL Group","Peterborough","United Kingdom","Europe"
"379","Claroty","New York","United States","North America"
"380","Improbable","London","United Kingdom","Europe"
"381","InMobi","Bengaluru","India","Asia"
"382","MindMaze","Lausanne","Switzerland","Europe"
"383","Ninja Van","","Singapore","Asia"
"384","Pantheon Systems","San Francisco","United States","North America"
"385","SellerX","Berlin","Germany","Europe"
"386","AppDirect","San Francisco","United States","North America"
"387","BrewDog","Aberdeen","United Kingdom","Europe"
"388","Enflame","Shanghai","China","Asia"
"389","Tradeshift","San Francisco","United States","North America"
"390","HeartFlow","Redwood City","United States","North America"
"391","Extend","San Francisco","United States","North America"
"392","Airbyte","San Francisco","United States","North America"
"393","Andela","New York","United States","North America"
"394","Ascend Money","Bangkok","Thailand","Asia"
"395","Athelas","Mountain View","United States","North America"
"396","Built","Nashville","United States","North America"
"397","candy.com","New York","United States","North America"
"398","Cognite","Lysaker","Norway","Europe"
"399","CoinList","San Francisco","United States","North America"
"400","Collective Health","San Francisco","United States","North America"
"401","Culture Amp","Richmond","Australia","Oceania"
"402","Devo","Cambridge","United States","North America"
"403","ElasticRun","Pune","India","Asia"
"404","Gett","London","United Kingdom","Europe"
"405","ID.me","McLean","United States","North America"
"406","impact.com","Santa Barbara","United States","North America"
"407","Ledger","Paris","France","Europe"
"408","Lusha","New York","United States","North America"
"409","Matillion","Altrincham","United Kingdom","Europe"
"410","MOLOCO","Redwood City","United States","North America"
"411","Mu Sigma","Northbrook","United States","North America"
"412","Next Silicon","Tel Aviv","Israel","Asia"
"413","NotCo","Santiago","Chile","South America"
"414","Olist","Curitiba","Brazil","South America"
"415","Pacaso","Cincinnati","United States","North America"
"416","Paradox","Scottsdale","United States","North America"
"417","Persona","San Francisco","United States","North America"
"418","SmartRecruiters","San Francisco","United States","North America"
"419","Snapdocs","San Francisco","United States","North America"
"420","Solugen","Houston","United States","North America"
"421","StoreDot","Herzliya","Israel","Asia"
"422","Strava","San Francisco","United States","North America"
"423","Temporal","Bellevue","United States","North America"
"424","TuJia","Beijing","China","Asia"
"425","Uplight","Boulder","United States","North America"
"426","Veho","Boulder","United States","North America"
"427","Veriff","Tallinn","Estonia","Europe"
"428","Whatnot","Marina del Rey","United States","North America"
"429","Zenoti","Bellevue","United States","North America"
"430","Zeta","San Francisco","United States","North America"
"431","Loom","San Francisco","United States","North America"
"432","Mobile Premier League","Bengaluru","India","Asia"
"433","Uala","Buenos Aires","Argentina","South America"
"434","Wenheyou","Hunan","China","Asia"
"435","Star Charge","Changzhou","China","Asia"
"436","ABL Space Systems","El Segundo","United States","North America"
"437","Afiniti","Hamilton","Bermuda","North America"
"438","ASAPP","New York","United States","North America"
"439","BitSight Technologies","Boston","United States","North America"
"440","Cao Cao Mobility","Hangzhou","China","Asia"
"441","Capitolis","New York","United States","North America"
"442","Carbon","Redwood City","United States","North America"
"443","Clio","Burnaby","Canada","North America"
"444","Cresta","San Francisco","United States","North America"
"445","Exabeam","Foster City","United States","North America"
"446","ezCater","Boston","United States","North America"
"447","HomeLight","San Francisco","United States","North America"
"448","HoneyBook","San Francisco","United States","North America"
"449","Infinidat","Waltham","United States","North America"
"450","Mercury","San Francisco","United States","North America"
"451","Paxos","New York","United States","North America"
"452","SafetyCulture","Sydney","Australia","Oceania"
"453","SmartHR","Tokyo","Japan","Asia"
"454","Tonal","San Francisco","United States","North America"
"455","Truepill","Hayward","United States","North America"
"456","Unite Us","New York","United States","North America"
"457","Verkada","San Mateo","United States","North America"
"458","Wayflyer","Dublin","Ireland","Europe"
"459","Zhubajie","Chongqing","China","Asia"
"460","Transcarent","San Francisco","United States","North America"
"461","Trader Interactive","Norfolk","United States","North America"
"462","Glossier","New York","United States","North America"
"463","Hibob","Tel Aviv","Israel","Asia"
"464","Jobandtalent","Madrid","Spain","Europe"
"465","Optimism","San Francisco","United States","North America"
"466","solarisBank","Berlin","Germany","Europe"
"467","WEMAKEPRICE","Seoul","South Korea","Asia"
"468","Alan","Paris","France","Europe"
"469","Biren Technology","Shanghai","China","Asia"
"470","Voodoo","Paris","France","Europe"
"471","Carsome","Selangor","Malaysia","Asia"
"472","CircleCI","San Francisco","United States","North America"
"473","DealShare","Bengaluru","India","Asia"
"474","DispatchHealth","Denver","United States","North America"
"475","Dragos","Hanover","United States","North America"
"476","Gousto","London","United Kingdom","Europe"
"477","H2O.ai","Mountain View","United States","North America"
"478","Harness","San Francisco","United States","North America"
"479","Harry's","New York","United States","North America"
"480","PAX","San Francisco","United States","North America"
"481","Productboard","San Francisco","United States","North America"
"482","Reltio","Redwood City","United States","North America"
"483","Spotter","Los Angeles","United States","North America"
"484","Vestiaire Collective","Paris","France","Europe"
"485","Wave","Dakar","Senegal","Africa"
"486","ZenBusiness","Austin","United States","North America"
"487","Bowery Farming","New York","United States","North America"
"488","Greenlight","Atlanta","United States","North America"
"489","KeepTruckin","San Francisco","United States","North America"
"490","Odoo","Louvain-la-Neuve","Belgium","Europe"
"491","Skydance Media","Santa Monica","United States","North America"
"492","Uptake","Chicago","United States","North America"
"493","MoMo","Ho Chi Minh City","Vietnam","Asia"
"494","Algolia","San Francisco","United States","North America"
"495","Pattern","Lehi","United States","North America"
"496","Spinny","Gurugram","India","Asia"
"497","Trulioo","Vancouver","Canada","North America"
"498","Zume","Mountain View","United States","North America"
"499","AIWAYS","Shanghai","China","Asia"
"500","Bitso","Mexico City","Mexico","North America"
"501","BloomReach","Mountain View","United States","North America"
"502","Current","New York","United States","North America"
"503","Dialpad","San Francisco","United States","North America"
"504","G7 Networks","Beijing","China","Asia"
"505","Gympass","New York","United States","North America"
"506","MUSINSA","Seoul","South Korea","Asia"
"507","NuCom Group","Unterfoehring","Germany","Europe"
"508","Reify Health","Boston","United States","North America"
"509","Diamond Foundry","San Francisco","United States","North America"
"510","FullStory","Atlanta","United States","North America"
"511","Lightricks","Jerusalem","Israel","Asia"
"512","Opentrons","New York","United States","North America"
"513","ZocDoc","New York","United States","North America"
"514","Accelerant","Colchester","United Kingdom","Europe"
"515","Huaqin Telecom Technology","Shanghai","China","Asia"
"516","Addepar","Mountain View","United States","North America"
"517","YITU Technology","Shanghai","China","Asia"
"518","CloudWalk","Sao Paulo","Brazil","South America"
"519","Retool","San Francisco","United States","North America"
"520","Volocopter","Bruchsal","Germany","Europe"
"521","Acorns","Irvine","United States","North America"
"522","Aledade","Bethesda","United States","North America"
"523","CoinSwitch Kuber","Bangalore","India","Asia"
"524","ConcertAI","Boston","United States","North America"
"525","Eightfold.ai","Santa Clara","United States","North America"
"526","FirstCry","Pune","India","Asia"
"527","Forto","Berlin","Germany","Europe"
"528","GoCardless","London","United Kingdom","Europe"
"529","InVision","New York","United States","North America"
"530","Jeeves","Orlando","United States","North America"
"531","Medable","Palo Alto","United States","North America"
"532","Moveworks","Mountain View","United States","North America"
"533","MX Technologies","Lehi","United States","North America"
"534","PayFit","London","United Kingdom","Europe"
"535","ReCharge","Los Angeles","United States","North America"
"536","Roofstock","Oakland","United States","North America"
"537","Urban Company","Gurgaon","India","Asia"
"538","Rokt","New York","United States","North America"
"539","Starling Bank","London","United Kingdom","Europe"
"540","Ankorstore","Paris","France","Europe"
"541","4Paradigm","Beijing","China","Asia"
"542","Advance Intelligence Group","","Singapore","Asia"
"543","Aiven","Helsinki","Finland","Europe"
"544","Akulaku","Jakarta","Indonesia","Asia"
"545","Apeel Sciences","Goleta","United States","North America"
"546","AppsFlyer","San Francisco","United States","North America"
"547","Avant","Chicago","United States","North America"
"548","Aviatrix","Santa Clara","United States","North America"
"549","BlaBlaCar","Paris","France","Europe"
"550","Black Sesame Technologies","Shanghai","China","Asia"
"551","Bunq","Amsterdam","Netherlands","Europe"
"552","Calm","San Francisco","United States","North America"
"553","Chipper Cash","San Francisco","United States","North America"
"554","Clearco","Toronto","Canada","North America"
"555","ClickHouse","Portola Valley","United States","North America"
"556","Clip","Mexico City","Mexico","North America"
"557","Cloudinary","Santa Clara","United States","North America"
"558","Deliverr","San Francisco","United States","North America"
"559","Divvy Homes","San Francisco","United States","North America"
"560","Dremio","Santa Clara","United States","North America"
"561","Druva","Sunnyvale","United States","North America"
"562","Everlaw","Oakland","United States","North America"
"563","Exotec","Croix","France","Europe"
"564","Formlabs","Somerville","United States","North America"
"565","Guoquan Shihui","Shanghai","China","Asia"
"566","Hive","San Francisco","United States","North America"
"567","HuiMin","Beijing","China","Asia"
"568","ISN","Dallas","United States","North America"
"569","Iterable","San Francisco","United States","North America"
"570","Kajabi","Irvine","United States","North America"
"571","Kaseya","Miami","United States","North America"
"572","Keep","Beijing","China","Asia"
"573","KRY","Stockholm","Sweden","Europe"
"574","Loggi","Sao Paulo","Brazil","South America"
"575","LTK","Dallas","United States","North America"
"576","Lunar","Aarhus","Denmark","Europe"
"577","Mafengwo","Beijing","China","Asia"
"578","Magic Leap","Plantation","United States","North America"
"579","Misfits Market","Pennsauken","United States","North America"
"580","Modern Treasury","San Francisco","United States","North America"
"581","MURAL","San Francisco","United States","North America"
"582","Mynt","Taguig City","Philippines","Asia"
"583","Neo4j","San Mateo","United States","North America"
"584","Netlify","San Francisco","United States","North America"
"585","OCSiAl","Leudelange","Luxembourg","Europe"
"586","Opay","Lagos","Nigeria","Africa"
"587","Pipe","Miami","United States","North America"
"588","Preferred Networks","Tokyo","Japan","Asia"
"589","Quora","Mountain View","United States","North America"
"590","Redis Labs","Mountain View","United States","North America"
"591","SmartNews","Tokyo","Japan","Asia"
"592","Spring Health","New York","United States","North America"
"593","StarkWare","Netanya","Israel","Asia"
"594","SWORD Health","New York","United States","North America"
"595","Tier","Berlin","Germany","Europe"
"596","Trendy Group International","Kowloon","Hong Kong","Asia"
"597","Unqork","New York","United States","North America"
"598","VerbIT","New York","United States","North America"
"599","Virta Health","San Francisco","United States","North America"
"600","Xinchao Media","Chengdu","China","Asia"
"601","Xingyun Group","Shenzhen","China","Asia"
"602","XtalPi","Shenzhen","China","Asia"
"603","Zilch","London","United Kingdom","Europe"
"604","56PINGTAI","Shanghai","China","Asia"
"605","Alzheon","Framingham","United States","North America"
"606","Aprogen","Seongnam-Si","South Korea","Asia"
"607","Axtria","Berkeley Heights","United States","North America"
"608","Cell C","Midrand","South Africa","Africa"
"609","China Cloud","Wuxi","China","Asia"
"610","CredAvenue","Chennai","India","Asia"
"611","DeepBlue Technology","Shanghai","China","Asia"
"612","dMed Biopharmaceutical","Shanghai","China","Asia"
"613","Einride","Stockholm","Sweden","Europe"
"614","EQRx","Cambridge","United States","North America"
"615","Everly Health","Austin","United States","North America"
"616","Fair","Santa Monica","United States","North America"
"617","Flipboard","Palo Alto","United States","North America"
"618","Globality","Menlo Park","United States","North America"
"619","Hosjoy","Nanjing","China","Asia"
"620","Huisuanzhang","Beijing","China","Asia"
"621","HuJiang","Shanghai","China","Asia"
"622","Hyperchain","Hangzhou","China","Asia"
"623","iTutorGroup","Shanghai","China","Asia"
"624","JimuBox","Beijing","China","Asia"
"625","Juma Peisong","Chengdu","China","Asia"
"626","Justworks","New York","United States","North America"
"627","Keenon Robotics","Shanghai","China","Asia"
"628","Kuaigou Dache","Tianjin","China","Asia"
"629","LifeMiles","Bogota","Colombia","South America"
"630","LinkSure Network","Shanghai","China","Asia"
"631","MobiKwik","Gurugram","India","Asia"
"632","Modernizing Medicine","Boca Raton","United States","North America"
"633","OVH","Roubaix","France","Europe"
"634","Phenom People","Ambler","United States","North America"
"635","Pipa Coding","Beijing","China","Asia"
"636","Qingting FM","Shanghai","China","Asia"
"637","Rad Power Bikes","Seattle","United States","North America"
"638","Shukun Technology","Beijing","China","Asia"
"639","Shulan Health","Hangzhou","China","Asia"
"640","SITECH DEV","Guiyang","China","Asia"
"641","Snapdeal","New Delhi","India","Asia"
"642","SumUp","London","United Kingdom","Europe"
"643","TalkingData","Beijing","China","Asia"
"644","TUNGEE","Guangzhou","China","Asia"
"645","UISEE Technology","Beijing","China","Asia"
"646","Valgen Medtech","Hangzhou","China","Asia"
"647","Vectra Networks","San Jose","United States","North America"
"648","Venafi","Salt Lake City","United States","North America"
"649","Wacai","Hangzhou","China","Asia"
"650","WeBull","Changsha","China","Asia"
"651","WTOIP","Guangzhou","China","Asia"
"652","Xiaobing","Beijing","China","Asia"
"653","Xiaoe Tech","Shenzhen","China","Asia"
"654","Yiguo","Shanghai","China","Asia"
"655","Yimidida","Shanghai","China","Asia"
"656","Yipin Shengxian","Hefei","China","Asia"
"657","Ynsect","Evry","France","Europe"
"658","Hello TransTech","Shanghai","China","Asia"
"659","Miaoshou Doctor","Beijing","China","Asia"
"660","ECARX","Wuhan","China","Asia"
"661","Eat Just","San Francisco","United States","North America"
"662","Trumid","New York","United States","North America"
"663","Qualia","San Francisco","United States","North America"
"664","Beisen","Beijing","China","Asia"
"665","Earnix","Giv'atayim","Israel","Asia"
"666","Kujiale","Hangzhou","China","Asia"
"667","Orca Security","Portland","United States","North America"
"668","Apus Group","Beijing","China","Asia"
"669","Forte Labs","San Francisco","United States","North America"
"670","CureFit","Bengaluru","India","Asia"
"671","DT Dream","Hangzhou","China","Asia"
"672","fabric","Bellevue","United States","North America"
"673","JOLLY Information Technology","Hangzhou","China","Asia"
"674","K Health","New York","United States","North America"
"675","Mofang Living","Shanghai","China","Asia"
"676","Spendesk","Paris","France","Europe"
"677","TaxBit","Draper","United States","North America"
"678","XiaoZhu","Beijing","China","Asia"
"679","Yijiupi","Beijing","China","Asia"
"680","YunQuNa","Shanghai","China","Asia"
"681","Bordrin Motors","Shanghai","China","Asia"
"682","Aleo","San Francisco","United States","North America"
"683","Coocaa","Shenzhen","China","Asia"
"684","Gymshark","Solihull","United Kingdom","Europe"
"685","M1 Finance","Chicago","United States","North America"
"686","Ouyeel","Shanghai","China","Asia"
"687","SonderMind","Denver","United States","North America"
"688","Astranis Space Technologies","San Francisco","United States","North America"
"689","Away","New York","United States","North America"
"690","Cabify","Madrid","Spain","Europe"
"691","Clarify Health","San Francisco","United States","North America"
"692","Coda","Mountain View","United States","North America"
"693","Deezer","Paris","France","Europe"
"694","Degreed","Pleasanton","United States","North America"
"695","Deliverect","Ghent","Belgium","Europe"
"696","Envoy","San Francisco","United States","North America"
"697","Epidemic Sound","Stockholm","Sweden","Europe"
"698","Figment","Toronto","Canada","North America"
"699","Firebolt","Tel Aviv","Israel","Asia"
"700","Five Star Business Finance","Chennai","India","Asia"
"701","GupShup","San Francisco","United States","North America"
"702","Kong","San Francisco","United States","North America"
"703","Koudai","Beijing","China","Asia"
"704","Panther Labs","San Francisco","United States","North America"
"705","Papa","Miami","United States","North America"
"706","Pristyn Care","Gurugram","India","Asia"
"707","Rebel Foods","Pune","India","Asia"
"708","Salt Security","Palo Alto","United States","North America"
"709","Scalable Capital","Munich","Germany","Europe"
"710","SparkCognition","Austin","United States","North America"
"711","Stash","New York","United States","North America"
"712","Symphony","New York","United States","North America"
"713","Tripledot","London","United Kingdom","Europe"
"714","VideoAmp","Los Angeles","United States","North America"
"715","Yidian Zixun","Beijing","China","Asia"
"716","Yotpo","New York","United States","North America"
"717","Neon","Sao Paulo","Brazil","South America"
"718","Veepee","La Plaine Saint-Denis","France","Europe"
"719","Alloy","New York","United States","North America"
"720","Epirus","Hawthorne","United States","North America"
"721","Klook","Central","Hong Kong","Asia"
"722","Yaoshibang","Guangzhou","China","Asia"
"723","Signifyd","San Jose","United States","North America"
"724","Motorway","London","United Kingdom","Europe"
"725","RIDI","Seoul","South Korea","Asia"
"726","Athletic Greens","New York","United States","North America"
"727","GPclub","Seoul","South Korea","Asia"
"728","Grove Collaborative","San Francisco","United States","North America"
"729","Tongdun Technology","Hangzhou","China","Asia"
"730","Unisound","Beijing","China","Asia"
"731","Betterment","New York","United States","North America"
"732","Cava Group","Washington","United States","North America"
"733","CoinTracker","San Francisco","United States","North America"
"734","DistroKid","New York","United States","North America"
"735","Domestika","Berkeley","United States","North America"
"736","Flock Freight","Encinitas","United States","North America"
"737","InSightec","Tirat Carmel","Israel","Asia"
"738","Island","Dallas","United States","North America"
"739","iTrustCapital","Long Beach","United States","North America"
"740","Konfio","Mexico City","Mexico","North America"
"741","LinkTree","Melbourne","Australia","Oceania"
"742","Loadsmart","New York","United States","North America"
"743","Lukka","New York","United States","North America"
"744","Manner","Shanghai","China","Asia"
"745","The Brandtech Group","New York","United States","North America"
"746","TravelPerk","Barcelona","Spain","Europe"
"747","YugaByte","Sunnyvale","United States","North America"
"748","Intercom","San Francisco","United States","North America"
"749","OVO Energy","Bristol","United Kingdom","Europe"
"750","BigID","New York","United States","North America"
"751","CaptivateIQ","San Francisco","United States","North America"
"752","Flipdish","Dublin","Ireland","Europe"
"753","Honor Technology","San Francisco","United States","North America"
"754","Incode Technologies","San Francisco","United States","North America"
"755","Kuaikan Manhua","Beijing","China","Asia"
"756","Marshmallow","London","United Kingdom","Europe"
"757","Mythical Games","Sherman Oaks","United States","North America"
"758","Route","Lehi","United States","North America"
"759","Tackle.io","Boise","United States","North America"
"760","Nexii","Vancouver","Canada","North America"
"761","GalaxySpace","Beijing","China","Asia"
"762","Insider","Istanbul","Turkey","Europe"
"763","Spiber","Tsuruoka","Japan","Asia"
"764","Ada Support","Toronto","Canada","North America"
"765","AgentSync","Denver","United States","North America"
"766","Alation","Redwood City","United States","North America"
"767","BigPanda","Mountain View","United States","North America"
"768","CarDekho","Jaipur","India","Asia"
"769","Copado","Chicago","United States","North America"
"770","DailyPay","New York","United States","North America"
"771","FloQast","Los Angeles","United States","North America"
"772","Gem","San Francisco","United States","North America"
"773","GrubMarket","San Francisco","United States","North America"
"774","Helium Systems","San Francisco","United States","North America"
"775","Inari","Cambridge","United States","North America"
"776","Jokr","New York","United States","North America"
"777","LivSpace","Bengaluru","India","Asia"
"778","Merama","Mexico City","Mexico","North America"
"779","MindTickle","San Francisco","United States","North America"
"780","MyGlamm","Mumbai","India","Asia"
"781","Oda","Oslo","Norway","Europe"
"782","Offchain Labs","Princeton","United States","North America"
"783","Phantom","San Francisco","United States","North America"
"784","Pilot.com","San Francisco","United States","North America"
"785","Prime Medicine","Cambridge","United States","North America"
"786","Public","New York","United States","North America"
"787","Qumulo","Seattle","United States","North America"
"788","Rohlik","Prague","Czech Republic","Europe"
"789","SeekOut","Bellevue","United States","North America"
"790","SmartMore","Shenzhen","China","Asia"
"791","Tealium","San Diego","United States","North America"
"792","UpGrad","Mumbai","India","Asia"
"793","Workhuman","Dublin","Ireland","Europe"
"794","Xpressbees","Pune","India","Asia"
"795","L&P Cosmetic","Seoul","South Korea","Asia"
"796","Mininglamp Technology","Beijing","China","Asia"
"797","Luoji Siwei","Beijing","China","Asia"
"798","IRL","San Francisco","United States","North America"
"799","Modern Health","San Francisco","United States","North America"
"800","Tuhu","Shanghai","China","Asia"
"801","CloudBees","San Jose","United States","North America"
"802","Elemy","San Francisco","United States","North America"
"803","Guideline","San Mateo","United States","North America"
"804","Happy Money","Tustin","United States","North America"
"805","Rebellion Defense","Washington DC","United States","North America"
"806","STORD","Atlanta","United States","North America"
"807","At-Bay","Mountain View","United States","North America"
"808","TELD","Qingdao","China","Asia"
"809","Acko General Insurance","Bengaluru","India","Asia"
"810","apna","Bengaluru","India","Asia"
"811","Beyond Identity","New York","United States","North America"
"812","Carousell","","Singapore","Asia"
"813","Chief","New York","United States","North America"
"814","CoinDCX","Maharashtra","India","Asia"
"815","Daily Harvest","New York","United States","North America"
"816","Enpal","Berlin","Germany","Europe"
"817","eSentire","Waterloo","Canada","North America"
"818","Firefly Aerospace","Cedar Park","United States","North America"
"819","Fundbox","San Francisco","United States","North America"
"820","G2","Chicago","United States","North America"
"821","Gaussian Robotics","Shanghai","China","Asia"
"822","GetYourGuide","Berlin","Germany","Europe"
"823","GlobalBees","New Delhi","India","Asia"
"824","Ivalua","Redwood City","United States","North America"
"825","Juanpi","Wuhan","China","Asia"
"826","Karat","Seattle","United States","North America"
"827","LEAD School","Andheri","India","Asia"
"828","Nexthink","Prilly","Switzerland","Europe"
"829","People.ai","San Francisco","United States","North America"
"830","Pharmapacks","Islandia","United States","North America"
"831","Rightway","New York","United States","North America"
"832","Sennder","Berlin","Germany","Europe"
"833","Sisense","New York","United States","North America"
"834","Staffbase","Chemnitz","Germany","Europe"
"835","Sunbit","Los Angeles","United States","North America"
"836","TangoMe","Mountain View","United States","North America"
"837","The Bank of London","London","United Kingdom","Europe"
"838","Zego","London","United Kingdom","Europe"
"839","Nxin","Beijing","China","Asia"
"840","Mamaearth","Gurgaon","India","Asia"
"841","Radius Payment Solutions","Crewe","United Kingdom","Europe"
"842","Rivigo","Gurgaon","India","Asia"
"843","Rubicon","Atlanta","United States","North America"
"844","Socar","Jeju-do","South Korea","Asia"
"845","MobileCoin","San Francisco","United States","North America"
"846","Density","San Francisco","United States","North America"
"847","Instabase","San Francisco","United States","North America"
"848","Jiuxian","Beijing","China","Asia"
"849","Matrixport","","Singapore","Asia"
"850","Mixpanel","San Francisco","United States","North America"
"851","Sendbird","San Mateo","United States","North America"
"852","OrCam Technologies","Jerusalem","Israel","Asia"
"853","Leap Motor","Hangzhou","China","Asia"
"854","1KMXC","Hangzhou","China","Asia"
"855","58 Daojia","Beijing","China","Asia"
"856","Agile Robots","Munich","Germany","Europe"
"857","Aibee","Beijing","China","Asia"
"858","Aircall","New York","United States","North America"
"859","Ajaib","Jakarta","Indonesia","Asia"
"860","Alto Pharmacy","San Francisco","United States","North America"
"861","Amagi","Bengaluru","India","Asia"
"862","Amount","Chicago","United States","North America"
"863","Amperity","Seattle","United States","North America"
"864","Anyscale","Berkeley","United States","North America"
"865","Aptos","Palo Alto","United States","North America"
"866","Aqua Security","Ramat Gan","Israel","Asia"
"867","Assembly","Culver City","United States","North America"
"868","Assent","Ottawa","Canada","North America"
"869","Augury","New York","United States","North America"
"870","Axelar","Waterloo","Canada","North America"
"871","Axiom Space","Houston","United States","North America"
"872","Banma Network Technologies","Shanghai","China","Asia"
"873","BeiBei","Hangzhou","China","Asia"
"874","BenevolentAI","London","United Kingdom","Europe"
"875","Berlin Brands Group","Berlin","Germany","Europe"
"876","Betterfly","Santiago","Chile","South America"
"877","BitFury","Amsterdam","Netherlands","Europe"
"878","BlackBuck","Bengaluru","India","Asia"
"879","Bluecore","New York","United States","North America"
"880","BlueVoyant","New York","United States","North America"
"881","bolttech","","Singapore","Asia"
"882","Boom Supersonic","Englewood","United States","North America"
"883","Bringg","Tel Aviv","Israel","Asia"
"884","C2FO","Leawood","United States","North America"
"885","Cadence","New York","United States","North America"
"886","CAIS","New York","United States","North America"
"887","Cameo","Chicago","United States","North America"
"888","Capsule","New York","United States","North America"
"889","CargoX","Sao Paulo","Brazil","South America"
"890","Carro","","Singapore","Asia"
"891","Carson Group","Lincoln","United States","North America"
"892","CHEQ","New York","United States","North America"
"893","Chronosphere","New York","United States","North America"
"894","Cider","","Hong Kong","Asia"
"895","Clara","Mexico City","Mexico","North America"
"896","Clearcover","Chicago","United States","North America"
"897","CommerceIQ","Palo Alto","United States","North America"
"898","Contrast Security","Los Altos","United States","North America"
"899","Darwinbox","Hyderabad","India","Asia"
"900","Dental Monitoring","Paris","France","Europe"
"901","DianRong","Shanghai","China","Asia"
"902","Drata","San Diego","United States","North America"
"903","DriveNets","Ra'anana","Israel","Asia"
"904","Dune Analytics","Oslo","Norway","Europe"
"905","Dxy.cn","Hangzhou","China","Asia"
"906","EBANX","Curitiba","Brazil","South America"
"907","EcoFlow","Shenzhen","China","Asia"
"908","Electric","New York","United States","North America"
"909","Emerging Markets Property Group","Dubai","United Arab Emirates","Asia"
"910","Esusu","New York","United States","North America"
"911","Evidation","San Mateo","United States","North America"
"912","Expel","Herndon","United States","North America"
"913","Fabric","New York","United States","North America"
"914","Feedzai","San Mateo","United States","North America"
"915","Fever Labs","New York","United States","North America"
"916","Fiture","Chengdu","China","Asia"
"917","FLASH","Austin","United States","North America"
"918","Flash Express","Bangkok","Thailand","Asia"
"919","FlashEx","Beijing","China","Asia"
"920","Fractal Analytics","Mumbai","India","Asia"
"921","Freshbooks","Toronto","Canada","North America"
"922","FXiaoKe","Beijing","China","Asia"
"923","Gauntlet Networks","New York","United States","North America"
"924","Geek+","Beijing","China","Asia"
"925","Gelato","Oslo","Norway","Europe"
"926","Glia","New York","United States","North America"
"927","GO1","Brisbane","Australia","Oceania"
"928","Groq","Mountain View","United States","North America"
"929","Hailo","Tel Aviv","Israel","Asia"
"930","Haomao.AI","Beijing","China","Asia"
"931","Hasura","Bengaluru","India","Asia"
"932","HAYDON","Shanghai","China","Asia"
"933","Heyday","Chicago","United States","North America"
"934","HMD Global","Espoo","Finland","Europe"
"935","Hotmart","Amsterdam","Netherlands","Europe"
"936","Huike Group","Beijing","China","Asia"
"937","Human Interest","San Francisco","United States","North America"
"938","Ibotta","Denver","United States","North America"
"939","iCarbonX","Shenzhen","China","Asia"
"940","iFood","Osasco","Brazil","South America"
"941","InFarm","Berlin","Germany","Europe"
"942","Infobip","Vodnjan","Croatia","Europe"
"943","Injective Protocol","New York","United States","North America"
"944","Intellifusion","Shenzhen","China","Asia"
"945","Interos","Arlington","United States","North America"
"946","Iodine Software","Austin","United States","North America"
"947","JoyTunes","Tel Aviv","Israel","Asia"
"948","Kendra Scott","Austin","United States","North America"
"949","Kitopi","Dubai","United Arab Emirates","Asia"
"950","KnowBox","Beijing","China","Asia"
"951","Kopi Kenangan","Jakarta","Indonesia","Asia"
"952","Lamabang","Shenzhen","China","Asia"
"953","LayerZero Labs","New York","United States","North America"
"954","Lessen","Scottsdale","United States","North America"
"955","LetsGetChecked","Dublin","Ireland","Europe"
"956","Licious","Bengaluru","India","Asia"
"957","LinkDoc Technology","Beijing","China","Asia"
"958","Locus Robotics","Wilmington","United States","North America"
"959","Lookout","San Francisco","United States","North America"
"960","Lydia","Paris","France","Europe"
"961","MadeiraMadeira","Parana","Brazil","South America"
"962","Maimai","Beijing","China","Asia"
"963","Mammoth Biosciences","Brisbane","United States","North America"
"964","Masterworks","New York","United States","North America"
"965","Maven Clinic","New York","United States","North America"
"966","MediaMath","New York","United States","North America"
"967","Meero","Paris","France","Europe"
"968","Mensa Brands","Bengaluru","India","Asia"
"969","Mia.com","Beijing","China","Asia"
"970","Minio","Palo Alto","United States","North America"
"971","Mobvoi","Beijing","China","Asia"
"972","Moka","Beijing","China","Asia"
"973","Momenta","Beijing","China","Asia"
"974","Morning Consult","Washington DC","United States","North America"
"975","Movile","Sao Paulo","Brazil","South America"
"976","Mux","San Francisco","United States","North America"
"977","Nature's Fynd","Chicago","United States","North America"
"978","Newlink Group","Beijing","China","Asia"
"979","News Break","Mountain View","United States","North America"
"980","Newsela","New York","United States","North America"
"981","NIUM","","Singapore","Asia"
"982","NoBroker","Bengaluru","India","Asia"
"983","Noname Security","Palo Alto","United States","North America"
"984","Numbrs","Zurich","Switzerland","Europe"
"985","Omada Health","San Francisco","United States","North America"
"986","Omio","Berlin","Germany","Europe"
"987","ONE","","Singapore","Asia"
"988","OpenWeb","New York","United States","North America"
"989","Orbbec Technology","Shenzhen","China","Asia"
"990","Orca Bio","Menlo Park","United States","North America"
"991","Orchard","New York","United States","North America"
"992","Owkin","New York","United States","North America"
"993","PandaDoc","San Francisco","United States","North America"
"994","Pat McGrath Labs","New York","United States","North America"
"995","PatSnap","","Singapore","Asia"
"996","Payhawk","London","United Kingdom","Europe"
"997","Pentera","Petah Tikva","Israel","Asia"
"998","Pet Circle","Alexandria","Australia","Oceania"
"999","PicsArt","San Francisco","United States","North America"
"1000","PLACE","Bellingham","United States","North America"
"1001","Placer.ai","Los Altos","United States","North America"
"1002","Playco","Tokyo","Japan","Asia"
"1003","Poizon","Shanghai","China","Asia"
"1004","PPRO","London","United Kingdom","Europe"
"1005","Printful","Charlotte","United States","North America"
"1006","Quantum Metric","Colorado Springs","United States","North America"
"1007","Quizlet","San Francisco","United States","North America"
"1008","RapidAPI","San Francisco","United States","North America"
"1009","Razor","Berlin","Germany","Europe"
"1010","Red Ventures","Fort Mill","United States","North America"
"1011","REEF Technology","Miami","United States","North America"
"1012","ReliaQuest","Tampa","United States","North America"
"1013","Revolution Precrafted","Manila","Philippines","Asia"
"1014","Rothy's","San Francisco","United States","North America"
"1015","SaltPay","London","United Kingdom","Europe"
"1016","Savage X Fenty","El Segundo","United States","North America"
"1017","Scalapay","Milan","Italy","Europe"
"1018","Scandit","Zurich","Switzerland","Europe"
"1019","Sentry","San Francisco","United States","North America"
"1020","Shield AI","San Diego","United States","North America"
"1021","Shift Technology","Paris","France","Europe"
"1022","ShipBob","Chicago","United States","North America"
"1023","Shippo","San Francisco","United States","North America"
"1024","Sidecar Health","El Segundo","United States","North America"
"1025","Sift","San Francisco","United States","North America"
"1026","Skydio","Redwood City","United States","North America"
"1027","Slice","Bengaluru","India","Asia"
"1028","SmartAsset","New York","United States","North America"
"1029","SMS Assist","Chicago","United States","North America"
"1030","SnapLogic","San Mateo","United States","North America"
"1031","Snorkel AI","Palo Alto","United States","North America"
"1032","Solo.io","Cambridge","United States","North America"
"1033","SoundHound","Santa Clara","United States","North America"
"1034","Splashtop","San Jose","United States","North America"
"1035","Standard","San Francisco","United States","North America"
"1036","Stytch","San Francisco","United States","North America"
"1037","Swile","Montpellier","France","Europe"
"1038","Tarana Wireless","Milpitas","United States","North America"
"1039","TechStyle Fashion Group","El Segundo","United States","North America"
"1040","TensTorrent","Toronto","Canada","North America"
"1041","TERMINUS Technology","Beijing","China","Asia"
"1042","Tezign","Shanghai","China","Asia"
"1043","The Zebra","Austin","United States","North America"
"1044","Thirty Madison","New York","United States","North America"
"1045","Thought Machine","London","United Kingdom","Europe"
"1046","Timescale","New York","United States","North America"
"1047","Tractable","London","United Kingdom","Europe"
"1048","Tresata","Charlotte","United States","North America"
"1049","TrialSpark","New York","United States","North America"
"1050","TrueLayer","London","United Kingdom","Europe"
"1051","Unico","Sao Paulo","Brazil","South America"
"1052","Vagaro","Dublin","United States","North America"
"1053","Vedantu","Bengaluru","India","Asia"
"1054","Veev","San Mateo","United States","North America"
"1055","Vise","New York","United States","North America"
"1056","Visier","Vancouver","Canada","North America"
"1057","VOI","Stockholm","Sweden","Europe"
"1058","Vox Media","Washington","United States","North America"
"1059","VTS","New York","United States","North America"
"1060","Watershed","San Francisco","United States","North America"
"1061","Weights & Biases","San Francisco","United States","North America"
"1062","WeLab","","Hong Kong","Asia"
"1063","Womai","Beijing","China","Asia"
"1064","Wrapbook","New York","United States","North America"
"1065","Xendit","Jakarta","Indonesia","Asia"
"1066","XForcePlus","Shanghai","China","Asia"
"1067","YH Global","Shenzhen","China","Asia"
"1068","YipitData","New York","United States","North America"
"1069","Yunxuetang","Suzhou","China","Asia"
"1070","Zhaogang","Shanghai","China","Asia"
"1071","Zhuan Zhuan","Beijing","China","Asia"
"1072","Zihaiguo","Chongqing","China","Asia"
"1073","Zopa","London","United Kingdom","Europe"
"1074","Zwift","Long Beach","United States","North America"
