"ID","Funding","Valuation","Select Investors"
"1","$8B","$180B","Sequoia Capital China, SIG Asia Investments, Sina Weibo, Softbank Group"
"2","$7B","$100B","Founders Fund, Draper Fisher Jurvetson, Rothenberg Ventures"
"3","$2B","$100B","Tiger Global Management, Sequoia Capital China, Shunwei Capital Partners"
"4","$2B","$95B","Khosla Ventures, LowercaseCapital, capitalG"
"5","$4B","$46B","Institutional Venture Partners, Sequoia Capital, General Atlantic"
"6","$572M","$40B","Sequoia Capital China, Blackbird Ventures, Matrix Partners"
"7","$2B","$40B","Tiger Global Management, Insight Partners, DST Global"
"8","$3B","$39B","Khosla Ventures, Kleiner Perkins Caufield & Byers, Collaborative Fund"
"9","$14B","$38B","Tiger Global Management"
"10","$3B","$38B","Andreessen Horowitz, New Enterprise Associates, Battery Ventures"
"11","$2B","$33B","index Ventures, DST Global, Ribbit Capital"
"12","$7B","$32B","Tencent Holdings, KKR, Smash Ventures"
"13","$2B","$32B","Sequoia Capital, Thoma Bravo, Softbank"
"14","$4B","$27B","SoftBank Group, Andreessen Horowitz, Temasek Holdings"
"15","$2B","$25B","Forerunner Ventures, Crosslink Capital, Homebrew"
"16","$4B","$22B","Tencent Holdings, Lightspeed India Partners, Sequoia Capital India"
"17","$5B","$20B","Hillhouse Capital Management, Boyu Capital, Sequoia Capital China"
"18","$918M","$20B","GGV Capital, ZhenFund, Tencent"
"19","$476M","$18B","Accel, AltaIR Capital, Technology Crossover Ventures"
"20","$4B","$17B","Tencent Holdings, Warbug Pincus, IDG Capital"
"21","$770M","$15B","Target Global, General Catalyst, Durable Capital Partners"
"22","$979M","$15B","Benchmark, Greylock Partners, Tencent Holdings"
"23","$721M","$15B","Sequoia Capital China, Longfor Capitalm, Gaorong Capital"
"24","$3B","$15B","Accel, Softbank Group, Anthos Capital"
"25","$490M","$14B","Lightspeed Venture Partners, Google Ventures, Lakestar"
"26","$734M","$13B","New Enterprise Associates, Spar Capital, Index Ventures"
"27","$2B","$13B","Andreessen Horowitz, F-Prime Capital, Venrock"
"28","$427M","$13B","Andreessen Horowitz, Thirty Five Ventures, Sound Ventures"
"29","$400M","$13B","General Catalyst, Institutional Venture Partners, Breyer Capital"
"30","$4B","$12B","Volkswagen Group, Ford Autonomous Vehicles"
"31","$4B","$12B","Vattenfall, Volkswagen Group, Goldman Sachs"
"32","$1B","$12B","Khosla Ventures, Forerunner Ventures, Sequoia Capital"
"33","$1B","$12B","Caffeinated Capital, CRV, Founder Collective"
"34","$1B","$12B","DST Global, Ribbit Capital, Greenoaks Capital Management"
"35","$2B","$12B","Tiger Global Management, Sequoia Capital, Revo Capital"
"36","$799M","$12B","Vickers Venture Partners, IKEA GreenTech"
"37","$765M","$12B","Coatue Management, Sequoia Capital China, IDG Capital"
"38","$800M","$12B","New Enterprise Associates, BDT Capital Partners, Davidson Kempner Capital Management"
"39","$5B","$12B","KKR, Tencent Holdings, Sequoia Capital China"
"40","$376M","$11B","LTW Capital, Legend Capital, Qualcomm Ventures"
"41","$1B","$11B","Didi Chuxing, Diamler, TMT Investments"
"42","$5B","$11B","Accel India, SAIF Partners, Norwest Venture Partners"
"43","$558M","$11B","Tencent Holdings, Hillhouse Capital Management, Yunfeng Capital"
"44","$5B","$11B","Aviation Industry Corporation of China, Essence Financial, Jiangsu Sha Steel Group"
"45","$1B","$11B","Activant Capital, Tribe Capital, General Atlantic"
"46","$1B","$11B","Accel, 83North"
"47","$3B","$10B","Sequoia Capital China, Xiang He Capital, GGV Capital"
"48","$294M","$10B","IDG Capital, Venture51, Lightspeed Venture Partners"
"49","$3B","$10B","SoftBank Group, Sequoia Capital India,Lightspeed India Partners"
"50","$572M","$10B","KKR, ES Ventures, North Bridge Growth Equity"
"51","$1B","$10B","Bessemer Venture Partners, ICONIQ Capital, Battery Ventures"
"52","$564M","$10B","DFJ Growth Fund, Coatue Management, Addition"
"53","$4B","$10B","Sequoia Capital China, GX Capital"
"54","$1B","$10B","Ribbit Capital, capitalG, Softbank Group"
"55","$333M","$10B","Index Ventures, Greylock Partners, Kleiner Perkins Caufield & Byers"
"56","$691M","$10B","General Catalyst Partners, Google Ventures, Kleiner Perkins Caufield & Byers"
"57","$2B","$10B","MindWorks Ventures, Shunwei Capital Partners, Xiang He Capital"
"58","$343M","$10B","Index Ventures, Draft Ventures, Felicis Ventures"
"59","$1B","$10B","Y Combinator, Sequoia Capital, Coatue Management"
"60","$497M","$10B","DJF, Salesforce Ventures, Storm Ventures"
"61","$2B","$10B","Upper90, RiverPark Ventures, Advent International"
"62","$71M","$9B","Qualcomm Ventures, Woori Investment, Hanwha Investment & Securities"
"63","$2B","$9B","SBI Investment Korea, Partners Investment, GIC"
"64","$1B","$9B","Sequoia Capital China, IDG Capital, DCM Ventures"
"65","$2B","$9B","SoftBank Group, Greylock Partners, Gaorong Capital"
"66","$1B","$9B","BOLDstart Ventures, Google Ventures, Accel"
"67","$2B","$9B","DST Global, SoftBank Group, Mountain Nazca"
"68","$2B","$9B","Redalpine Venture Partners, Earlybird Venture Capital, Valar Ventures"
"69","$679M","$9B","Summit Partners, Accel, Astral Capital"
"70","$770M","$9B","Nintendo, Google, Pokemon Company International, Spark Capital"
"71","$775M","$9B","Andreessen Horowitz, Nor-Cal Invest, TPG Growth"
"72","$2B","$8B","Kaalari Capital, Tencent Holdings, Steadview Capital"
"73","$105M","$8B","Accel Partners, Sequoia Capital"
"74","$1B","$8B","Lightspeed Venture Partners, Social Capital, Accel"
"75","$742M","$8B","Sequoia Capital India, Tiger Global Management, Matrix Partners India"
"76","$607M","$8B","Union Square Ventures, Venrock, Andreessen Horowitz"
"77","$2B","$8B","Sutter Hill Ventures, Liberty Global Ventures, Coatue Management"
"78","$549M","$8B","01 Advisors, Zeev Ventures, Group 11"
"79","$1B","$8B","Accel, Northzone Ventures, Institutional Venture Partners"
"80","$1B","$8B","Sixth Street Partners, OrbiMed Advisors, Highland Capital Management"
"81","$660M","$8B","D1 Capital Partners, Stripe, Coatue Management"
"82","$820M","$8B","New Enterprise Associates, T. Rowe Associates, Lightbank"
"83","$1B","$8B","Tenaya Capital, Coatue Management, Stripes Group"
"84","$2B","$8B","Bloomberg Beta, Founders Fund, First Round Capital"
"85","$297M","$7B","TA Associates, SoftBank Group, GS Growth"
"86","$1B","$7B","Tiger Global Management, Blue Lake Capital, ZhenFund"
"87","$2B","$7B","Khosla Ventures, Horizons Ventures, Temasek Holdings"
"88","$922M","$7B","Tiger Global Management, DST Global, Sequoia Capital India"
"89","$863M","$7B","NextView Ventures, Eniac Ventures, Sequoia Capital"
"90","$4B","$7B","Accel Partners, SoftBank Group, Sequoia Capital"
"91","$447M","$7B","Initialized Capital, Y Combinator, Kleiner Perkins Caufield & Byers"
"92","$1B","$7B","Menlo Ventures, Spark Capital, Union Square Ventures"
"93","$844M","$7B","Bessemer Venture Partners, Qualcomm Ventures, Kleiner Perkins Caufield & Byers"
"94","$2B","$7B","Sequoia Capital China, Warburg Pincus, General Catalyst"
"95","$603M","$7B","Accel, Y Combinator, Index Ventures"
"96","$583M","$7B","Norwest Venture Partners, Next World Capital, Wing Venture Capital"
"97","$912M","$7B","Andreessen Horowitz, Lightspeed Venture Partners, Zeev Ventures"
"98","$920M","$7B","Slack Fund, Accel, Skip Capital"
"99","$849M","$7B","General Atlantic, Goldman Sachs, New Enterprise Associates"
"100","$424M","$7B","Morgan Creek Digital, Marcy Venture Partners, 10T Fund"
"101","$660M","$7B","Third Point, Electric Capital, Coinbase Ventures"
"102","$1B","$7B","Initialized Capital, General Catalyst, SignalFire"
"103","$645M","$6B","Barter Ventures"
"104","$2B","$6B","Alibaba Group, Boyu Capital, Borui Capital"
"105","$1B","$6B","Tencent, Morningside Group"
"106","$3B","$6B","IDG Capital, Bank Of China Group Investment,, SDIC CMC Investment Management"
"107","$802M","$6B","DST Global, Sequoia Capital China, Tencent Holdings"
"108","$629M","$6B","Andreessen Horowitz, Spark Capital, Y Combinator"
"109","$448M","$6B","Runa Capital, Acton Capital Partners, Point Nine Capital"
"110","$928M","$6B","Technology Crossover Ventures"
"111","$815M","$6B","BPI France, Kerala Ventures, Accel"
"112","$728M","$6B","Matrix Partners, Andreessen Horowitz, General Catalyst"
"113","$433M","$6B","Nexus Venture Partners, CRV, Insight Partners"
"114","$1B","$6B","Aglae Ventures, Eurazeo, Daphni"
"115","$891M","$6B","Thrive Capital, Maverick Ventures, Redpoint Ventures"
"116","$1B","$6B","New Enterprise Associates, Accomplice, IA Ventures"
"117","$524M","$6B","Global Founders Capital, Nortzone Ventures, Picus Capital"
"118","$803M","$6B","Blackstone, Technology Crossover Ventures, Summit Partners"
"119","$1B","$6B","Technology Crossover Ventures, A&E Television Networks"
"120","$415M","$6B","Battery Ventures, Storm Ventures, Redpoint Ventures"
"121","$587M","$6B","Union Square Ventures, Ribbit Capital, VY Capital"
"122","$1B","$6B","Tencent, Baidu, Huasheng Capital"
"123","$826M","$6B","Atomico, Insight Partners, Coatue Management"
"124","$910M","$6B","Greylock Partners, Venrock, Providence Ventures"
"125","$412M","$6B","Thrive Capital, Benchmark, MenloVentures"
"126","$405M","$6B","Pine Brook, American Express Ventures, Kleiner Perkins Caufield & Byers"
"127","$729M","$6B","BlackRock, Blackstone, UBS"
"128","$600M","$6B","Insight Partners, Sequoia Capital, Index Ventures"
"129","$869M","$5B","Falcon Edge Capital, Omidyar Network, Sequoia Capital India"
"130","$187M","$5B","General Atlantic, 3i Group, Huagai Capital"
"131","$1B","$5B","Venture Highway, Sequoia Capital India, Prosus Ventures"
"132","$943M","$5B","Telling Telecommunication Holding Co., Alibaba Group"
"133","$514M","$5B","Oriza Holdings, Guangdong Technology Financial Group"
"134","$492M","$5B","Warmsun Holding, IDG Capital Partners"
"135","$1B","$5B","Passion Capital, Thrive Capital, Orange Digital Ventures"
"136","$644M","$5B","Two Sigma Ventures, Flint Capital, Commerce Ventures"
"137","$1B","$5B","Sequoia Capital China, Tencent Holdings, Sinovation Ventures"
"138","$562M","$5B","Accel, Insight Partners, Burda Principal Investments"
"139","$286M","$5B","Ontario Teachers' Pension Plan, Goldman Sachs"
"140","$943M","$5B","CDH Investments, Goldstone Investments, Qiming Venture Partners"
"141","$691M","$5B","Andreessen Horowitz, Founders Fund, Revolution Ventures"
"142","$559M","$5B","Y Combinator, Accel, T. Rowe Price"
"143","$497M","$5B","General Catalyst, Viking Global Investors, T. Rowe Price"
"144","$647M","$5B","Alven Capital, FirstMark Capital, capitalG"
"145","$567M","$5B","Threshold Ventures, Lightspeed Venture Partners, Crosslink Capital"
"146","$428M","$5B","Creandum, Founders, Kinnevik"
"147","$996M","$5B","Founders Fund, Accel, Creandum"
"148","$1B","$5B","China Grand Prosperity Investment, Silk Road Huacheng, Oriza Equity Investment"
"149","$596M","$5B","Index Ventures, Battery Ventures, ICONIQ Capital"
"150","$2B","$5B","DST Global, Andreessen Horowitz, Sequoia Capital, Redpoint e.ventures"
"151","$426M","$5B","Venrock, Battery Ventures, Insight Partners"
"152","$462M","$5B","Oak HC/FT Partners, Artis Ventures, WestCap Group"
"153","$824M","$5B","Kaszek Ventures, Amadeus Capital Partners, Quona Capital"
"154","$926M","$5B","Insight Partners"
"155","$755M","$5B","Kaszek Ventures, General Atlantic, SoftBank Group"
"156","$2B","$5B","Credit Suisse"
"157","$633M","$5B","Google Ventures, Benchmark, FirstMark Capital"
"158","$599M","$5B","Capital One Growth Ventures, Citi Ventures, OMERS Ventures"
"159","$371M","$5B","Eight Roads Ventures, Greycroft, Ignition Partners"
"160","$425M","$5B","Insight Partners, Andalusian Capital Partners"
"161","$734M","$5B","Matrix Partners India, Falcon Edge Capital, SoftBank Group"
"162","$761M","$5B","SoftBank Group, Tiger Global Management, Matrix Partners India"
"163","$903M","$5B","Sequoia Capital India, Temasek, PayPal Ventures"
"164","$704M","$5B","Alven Capital, Valar Ventures, Tencent Holdings"
"165","$1B","$5B","Walden International, Google Ventures, Intel Capital"
"166","$503M","$5B","China Life Insurance, China Development Bank Capital, CITIC Securities International"
"167","$4B","$5B","Baidu Capital, Linear Venture, Tencent"
"168","$655M","$5B","Accel, Technology Crossover Ventures, LeapFrog Investments"
"169","$1B","$4B","Hillhouse Capital Management, SoftBank Group, Qiming Venture Partners"
"170","$2B","$4B","SoftBank Group, General Atlantic"
"171","$263M","$4B","Kuang-Chi"
"172","$1B","$4B","New Enterprise Associates, Starr Investment Holdings"
"173","$216M","$4B","Formation 8"
"174","$128M","$4B","Foundation Capital, Frontier Ventures, AltaIR Capital"
"175","$776M","$4B","Chiratae Ventures, PremjiInvest, Softbank"
"176","$119M","$4B","Bnk To The Future, Trammell Ventures, SBI Investment"
"177","$2B","$4B","Hillhouse Capital Management, Linear Venture, Morningside Venture Capital"
"178","$555M","$4B","New Enterprise Associates, Coatue Management, Tiger Global Management"
"179","$864M","$4B","WestCap Group, Caisse de depot et placement du Quebec"
"180","$468M","$4B","Insight Partners, Tiger Global Management, Accel"
"181","$505M","$4B","Two Sigma Ventures, Flint Capital, Commerce Ventures"
"182","$542M","$4B","General Catalyst, HCA Healthcare"
"183","$381M","$4B","Matrix Partners, Initialized Capital, Tiger Global Management"
"184","$434M","$4B","Kleiner Perkins Caufield & Byers, Lightspeed Venture Partners, True Ventures"
"185","$643M","$4B","Madrona Venture Group, Shasta Ventures, Salesforce Ventures"
"186","$1B","$4B","Activant Capital Group, Alaska Permanent Fund, Baillie Gifford & Co."
"187","$948M","$4B","Elaia Partners, 83North, Felix Capital"
"188","$294M","$4B","First Round Capital, Sequoia Capital, Index Ventures"
"189","$435M","$4B","Airbus Ventures, Index Ventures, Advent International"
"190","$0M","$4B","EQT Partners"
"191","$489M","$4B","Mayfield Fund, M12, Trinity Ventures"
"192","$1B","$4B","Atop Capital, IDInvest Partners, Qiming Venture Partners"
"193","$352M","$4B","Andreessen Horowitz, Lux Capital, General Catalyst"
"194","$477M","$4B","NewView Capital, Maveron, Ridge Ventures"
"195","$125M","$4B","Silver Lake, ICONIQ Capital"
"196","$404M","$4B","NextView Ventures, Promus Ventures, Two Sigma Ventures"
"197","$498M","$4B","Lightspeed Venture Partners, Redpoint Ventures, Viking Global Investors"
"198","$493M","$4B","Upfront Ventures, Webb Investment Network, D1 Capital Partners"
"199","$657M","$4B","Qualcomm Ventures, Samsung Ventures, Silver Lake"
"200","$440M","$4B","Bessemer Venture Partners, Insight Partners, New Era Ventures"
"201","$792M","$4B","Breakthrough Energy Ventures, Capricorn Investment Group, Valor Equity Partners"
"202","$1B","$4B","India Quotient, Elevation Capital, Lightspeed Venture Partners"
"203","$739M","$4B","Benchmark, Accel, SoftBank Group"
"204","$263M","$4B","Norwest Venture Partners, Goldman Sachs, Dell Technologies Capital"
"205","$2B","$4B","Blackstone, ICONIQ Growth, General Atlantic"
"206","$603M","$4B","Casa Verde Capital, Gron Ventures, Thrity Five Ventures"
"207","$324M","$4B","Tiger Global Management, American Express Ventures, B Capital Group"
"208","$379M","$4B","General Atlantic, Blackstone, ICONIQ Growth"
"209","$367M","$4B","Addition, Benhcmark, Accel"
"210","$414M","$4B","Andreessen Horowitz, Amplify Partners, Sequoia Capital"
"211","$350M","$4B","Vista Equity Partners, Wincove, TDR Capital"
"212","$1B","$4B","New Enterprise Associates, New Leaf Venture Partners, Charter Venture Capital"
"213","$1B","$4B","Playground Global, Bond, Tribe Capital"
"214","$495M","$4B","Google Ventures, Battery Ventures, DST Global"
"215","$664M","$4B","Lightspeed Venture Partners, Khosla Ventures, Geodesic Capital"
"216","Unknown","$4B","Sequoia Capital"
"217","$546M","$4B","Speedinvest, Valar Ventures, Uniqa Ventures"
"218","$1B","$4B","Venrock, Institutional Venture Partners, Goldman Sachs"
"219","$864M","$4B","Goodwater Capital, iFly, XVC Venture Capital"
"220","$761M","$4B","China Health Industry Investment Fund, China Renaissance, and Sequoia Capital China"
"221","$2B","$4B","HD Capital, Qihoo 360 Technology, China Fortune Land Development"
"222","$523M","$4B","Fifth Wall Ventures, Energize Ventures, ICONIQ Capital"
"223","$667M","$4B","New Enterprise Associates, Pear, Cowboy Ventures"
"224","$250M","$4B","Accel, Insight Partners, Bond Capital"
"225","$720M","$4B","Benchmark, Foundation Capital, Sequoia Capital"
"226","$535M","$4B","Georgian Partners, Craft Ventures"
"227","$110M","$4B","Andreessen Horowitz, TQ Ventures"
"228","$870M","$4B","Blackrock, Kleiner Perkins Caulfield & Byers, Google Ventures"
"229","$614M","$4B","New Enterprise Associates, Sequoia Capital, Comcast Ventures"
"230","$1B","$4B","Ant Financial Services Group, Russia-China Investment Fund, Foxconn Technology Company"
"231","$504M","$4B","Accel, Aleph, American Express Ventures"
"232","$881M","$4B","Zeev Ventures, Ribbit Capital, TLV Partners"
"233","$856M","$4B","Drive Capital, General Catalyst, Ascension Ventures"
"234","$413M","$4B","Index Ventures, Thrive Capital, CRV"
"235","$230M","$4B","Dragoneer Investment Group, Hellman & Friedman, JMI Equity"
"236","$553M","$4B","Greylock Partners, Lightspeed Venture Partners, Khosla Ventures"
"237","$445M","$4B","SoftBank Group, Norwest Venture Partners"
"238","$335M","$4B","Accel, Silversmith Capital Partners, capitalG"
"239","$450M","$4B","Andreessen Horowitz, Thrive Capital, Sound Ventures"
"240","$1M","$4B","Sequoia Capital, Bessemer Venture Partners, Threshold Ventures"
"241","$154M","$3B","Alibaba Pictures Group"
"242","$770M","$3B","Sequoia Capital China, DST Global, DST Global"
"243","$471M","$3B","Jungle Ventures, Accel, Venture Highway"
"244","$1B","$3B","Khosla Ventures"
"245","$54M","$3B","Tiger Global Management, Kalaari Capital"
"246","$418M","$3B","Rhone Capital"
"247","$775M","$3B","Sequoia Capital China, Sina Weibo, Kleiner Perkins Caufield & Byers, Redpoint Ventures"
"248","$859M","$3B","Insight Venture Partners, Lowercase Capital, Polaris Partners"
"249","$1B","$3B","Clermont Group, Coltrane Asset Management, Toscafund Asset Management"
"250","$125M","$3B","Day One Ventures, Coinbase Ventures, Andreessen Horowitz"
"251","$1B","$3B","Eastern Bell Capital, SF Holding Co, STO Express"
"252","$1B","$3B","Hopu Investment Management, Boyu Capital, DC Thomson Ventures"
"253","$1B","$3B","Y Combinator, Atomico, Accel"
"254","$660M","$3B","SoftBank Group, Sequoia Capital, Wing Venture Capital"
"255","$714M","$3B","SoftBank Group, CRV, Spark Capital"
"256","$225M","$3B","Stripes Group, Neuberger Berman"
"257","$408M","$3B","Goldman Sachs, VebVentures, Insight Partners"
"258","$500M","$3B","Warburg Pincus, General Catalyst"
"259","$1B","$3B","FAW Group, Tencent Holdings, Tus Holdings"
"260","$532M","$3B","Aspect Ventures, SingTel Innov8, Greylock Partners"
"261","$531M","$3B","Fairfax Financial Holdings, A91 Partners, TVS Capital"
"262","$582M","$3B","Greycroft, Loeb.NYC, DST Global"
"263","$75M","$3B","Tiger Global Management, The Raine Group, Malabar Investments"
"264","$685M","$3B","DN Capital, Left Lane Capital, Coatue Management"
"265","$280M","$3B","Fabric Ventures, AirTree Ventures, Temasek"
"266","$274M","$3B","Accel, Tiger Global Management, Nexus Venture Partners"
"267","$314M","$3B","Coatue Managemeny, Trinity Ventures, Matrix Partners"
"268","$366M","$3B","Sutter Hill Ventures, Osage University Partners, Spark Capital"
"269","$465M","$3B","The Blue Venture Fund, Flare Capital Partners, Longitude Capital"
"270","$730M","$3B","Accel, Bain Capital Ventures, Insight Partners"
"271","$607M","$3B","Chiratae Ventures, March Capital Partners, National Grid Partners"
"272","$987M","$3B","Warburg Pincus, The Rise Fund, HarbourVest Partners"
"273","$313M","$3B","CRV, Accel, Google Ventures"
"274","$148M","$3B","Forerunner Ventures, Lifeline Ventures, MSD Capital"
"275","$789M","$3B","Blume Ventures, Nexus Venture Partners, Sequoia Capital India"
"276","$395M","$3B","Vertex Ventures Israel, Bessemer Venture Partners, Emerge"
"277","$496M","$3B","Sequoia Capital, Bain Capital Ventures, enaya Capital"
"278","$706M","$3B","General Atlantic, Piton Capital, Partech Partners"
"279","$357M","$3B","Contour Venture Partners, Battery Ventures, Core Capital Partners"
"280","$722M","$3B","Insight Partners, Jackson Square Ventures, Liberty Gloval Ventures"
"281","$407M","$3B","Foundry Group, General Atlantic, BlackRock"
"282","$818M","$3B","Emergence Capital Partners, 8VC, Chicago Ventures"
"283","$248M","$3B","Redpoint Ventures, Goldcrest Capital, Insight Partners"
"284","$507M","$3B","Insight Partners, Salesforce Ventures, Vertex Ventures"
"285","$414M","$3B","Index Ventures, Coatue Management, Andreessen Horowitz"
"286","$1B","$3B","China Environmental Protection Industry, China Fortune Ocean"
"287","$543M","$3B","Sequoia Capital India, Kae Capital, Accel"
"288","$1B","$3B","Moore Strategic Ventures, DST Global, Sequoia Capital India"
"289","$407M","$3B","Sequoia Capital, Google Ventures, Accel"
"290","$314M","$3B","Andreessen Horowitz, IA Ventures, Felicis Ventures"
"291","$200M","$3B","Goldman Sachs Asset Management"
"292","$417M","$3B","KKR"
"293","$999M","$3B","Greycroft, Sands Capital, Revolution Growth"
"294","$880M","$3B","Bessemer Venture Partners, Sutter Hill Ventures, Matrix Partners"
"295","$777M","$3B","83North, RiverPark Ventures, Pitango Venture Capital"
"296","$583M","$3B","General Atlantic, Insight Partners, Vintage Investment Partners"
"297","$398M","$3B","BOLDstart Ventures, Lerer Hippeau, Kenetic Capital"
"298","$666M","$3B","Greylock Partners, capitalG, Y Combinator"
"299","$468M","$3B","Makers Fund, Index Ventures, Inova Ventures Participacees"
"300","$558M","$3B","Data Collective, Formation 8, General Catalyst Partners"
"301","$461M","$3B","Institutional Venture Partners, New Enterprise Associates, Javelin Venture Partners"
"302","$682M","$3B","Dell Technologies Capital, Pitango Venture Capital, Amadeus Capital Partners"
"303","$483M","$3B","Artiman Ventures, Plug and Play Ventures, Anthos Capital"
"304","$299M","$3B","AME Cloud Ventures, Future Perfect Ventures, Blockchain Capital"
"305","$326M","$3B","Thrive Capital, Founders Fund, Cocnord Health Partners"
"306","$812M","$3B","Highland Europe, Eurazeo, Canaan Partners"
"307","$591M","$3B","Sequoia Capital India, Softbank, Bertelsmann India Investments"
"308","$379M","$3B","M12, WestBridge Capital, Lightspeed Venture Partners"
"309","$334M","$3B","Accel, Sequoia Capital, Y Combinator"
"310","$399M","$3B","Thrive Capital, Alliance Consumer Growth, Imaginary Ventures"
"311","$698M","$3B","Tiger Global, Sequoia Capital, Google Capital"
"312","$483M","$3B","Sequoia Capital, Baillie Gifford & Co., Google Ventures"
"313","$600M","$3B","Insight Partners, Sequoia Capital India, BEENEXT"
"314","$551M","$3B","Point72 Ventures, Route 66 Ventures, Accel"
"315","$1B","$3B","Mubadala Capital, Bond, Prosus Ventures"
"316","$665M","$3B","Playground Global, M12, BlackRock"
"317","$628M","$3B","Dragoneer Investment Group, DST Global, Franklin Templeton"
"318","$1B","$3B","Coatue Management, Atlantic Food Labs, DST Global"
"319","$475M","$3B","Susquehanna Growth Equity, Citi Ventures, ICONIQ Capital"
"320","$788M","$3B","Monashees+, Andreessen Horowitz, QED Investors"
"321","$628M","$3B","Kaszek Ventures, Qualcomm Ventures, Accel"
"322","$1B","$3B","DST Global, Lightspeed Venture Partners, Microsoft ScaleUp"
"323","$722M","$3B","Founders Fund, Quantum Energy Partners, Bedrock Capital"
"324","$360M","$3B","Silversmith Capital Partners, Susquehanna Growth Equity, Tiger Global Management"
"325","$500M","$3B","Iconiq Capital"
"326","$328M","$3B","Tiger Global Management, Tiger Brokers, DCM Ventures"
"327","$487M","$3B","Andreessen Horowitz, Blockchain Capital, Lux Capital"
"328","$1B","$3B","ConsenSys Ventures, Valar Ventures, PUC"
"329","$351M","$3B","ICONIQ Capital, OpenView Venture Partners"
"330","$523M","$3B","Brookfield Asset Management, Blackstone, Data Collective"
"331","$711M","$3B","General Catalyst, Digital Currency Group, Accel"
"332","$975M","$3B","Cambridge Innovation Capital, LGT Capital Partners, Escala Capital"
"333","$333M","$3B","Balderton Capital, General Catalyst, Tiger Global Management"
"334","$775M","$3B","Battery Ventures, Andreessen Horowitz, Ribbit Capital"
"335","$1B","$3B","Times Internet, Nexus Venture Partners, SoftBank Group"
"336","$1B","$3B","Holtzbrinck Ventures, Unternehmertum Venture Capital, General Atlantic"
"337","$474M","$3B","Green Visor Capital, CRE Venture Capital, Greycroft"
"338","$525M","$3B","Sequoia Capital Israel, Scale Venture Partners, Commerce Ventures"
"339","$535M","$3B","Lightspeed Venture Partners, Lead Edge Capital, Coatue Management"
"340","$393M","$3B","Tiger Global Management, Sequoia Capital India, Ribbit Capital"
"341","$187M","$3B","Coatue Management, BMO Capital, Schonfeld Strategic Advisors"
"342","$612M","$3B","Matrix Partners China, Bright Venture Capita, Shenzhen Capital Group"
"343","$329M","$3B","Khosla Ventures, Thrive Capital, Y Combinator"
"344","$330M","$3B","Uncork Capital, Threshold Ventures, Bloomberg Beta"
"345","$170M","$3B","Spectrum Equity, ICONIQ Capital, Grayhawk Capital"
"346","$240M","$3B","Uniion Square Ventures, Tiger Global Management, Lightspeed Venture Capital"
"347","$419M","$3B","Accel, Summit Partners, Google Ventures"
"348","$496M","$3B","Index Ventures, Sequoia Capital, General Catalyst"
"349","$427M","$3B","Jackson Square Ventures, General Atlantic, Lightspeed Venture Partners"
"350","$311M","$3B","Fabric Ventures, 500 Global, Standard Crypto"
"351","$1B","$3B","Morningside Ventures, Warburg Pincus, CreditEase Fintech Investment Fund"
"352","$339M","$3B","Tiger Global Management, Insight Partners, Jump Capital"
"353","$1B","$3B","Global Founders Capital, East Ventures, Expedia Inc."
"354","$919M","$3B","Salesforce Ventures, Seedcamp, OMERS Ventures"
"355","$180M","$3B","Benchmark, Bessemer Venture Partners"
"356","$127M","$2B","VGames, Lakestar, Galaxy Interactive"
"357","$224M","$2B","Guozhong Venture Capital Management, Shenzhen Capital Group, Oriental Fortune Capital"
"358","$45M","$2B","DeFi Technologies, Hypersphere Ventures, M13"
"359","$477M","$2B","Octopus Ventures, Munich Re Ventures, CommerzVentures"
"360","$503M","$2B","SoftBank Group"
"361","$946M","$2B","Alibaba Group,Co-Stone Venture Capital, Buhuo Venture Capital"
"362","$19M","$2B","The Carlyle Group, CVC Capital Partners"
"363","$536M","$2B","Shunwei Capital Partners, China Media Group, Guangzhou Huiyin Aofeng Equity Investment Fund"
"364","$188M","$2B","Trustbridge Partners, IDG Capital, Sequoia Capital China"
"365","$101M","$2B","K2VC, Lightspeed China Partners, Sky9 Capital"
"366","$1B","$2B","Automobile Industry Guidance Fund"
"367","$390M","$2B","Trustbridge Partners, Hony Capital, IDG Capital"
"368","$717M","$2B","Lightspeed China Partners, Baidu Ventures, Qiming Venture Partners"
"369","$29M","$2B","L Catterton, Franklin Templeton, First Light Capital Group"
"370","$186M","$2B","Centurium Capital, Cedarlake Capital, Unicom Innovation Venture Capital"
"371","$137M","$2B","Boxin Capital, DT Capital Partners, IDG Capital"
"372","$417M","$2B","Oak HC/FT Partners, GF Investments, Harvey Golub Family Office"
"373","$634M","$2B","Info Edge, Softbank Capital"
"374","$556M","$2B","IFC, Ajinomoto"
"375","$216M","$2B","Sequoia Capital China, Matrix Partners China, 58.com"
"376","$71M","$2B","China Creation Ventures, Sierra Ventures, Xingwang Investment Management"
"377","$594M","$2B","Sequoia Capital China, Tencent Investment, BA Capital"
"378","$696M","$2B","CPP Investment Board"
"379","$640M","$2B","Bessemer Venture Partners, MoreVC, Team8"
"380","$754M","$2B","Andreessen Horowitz, SoftBank Group, Temasek Holdings"
"381","$221M","$2B","Kleiner Perkins Caufield & Byers, Softbank Corp., Sherpalo Ventures"
"382","$340M","$2B","Hinduja Group"
"383","$975M","$2B","B Capital Group, Monk's Hill Ventures, Dynamic Parcel Distribution"
"384","$200M","$2B","Foundry Group, Scale Venture Partners, SoftBank Group"
"385","$766M","$2B","Cherry Ventures, Felix Capital, 83North"
"386","$431M","$2B","Mithril, iNovia Capital, Foundry Group"
"387","$233M","$2B","TSG Consumer Partners, Crowdcube"
"388","$472M","$2B","Tencent Holdings, Delta Capital, Redpoint Ventures China"
"389","$861M","$2B","Notion Capital, Scentan Ventures, Kite Ventures"
"390","$568M","$2B","BlueCross BlueShield Venture Partners, US Venture Partners"
"391","$320M","$2B","GreatPoint Ventures, Meritech Capital Partners, PayPal Ventures"
"392","$181M","$2B","Accel, Benchmark, SV Angel"
"393","$381M","$2B","Spark Capital, Google Ventures, CRE Venture Capital"
"394","$150M","$2B","Ant Group, Charoen Pokphand Group, Bow Wave Capital"
"395","$150M","$2B","Sequoia Capital, General Catalyst, Human Capital"
"396","$289M","$2B","Nyca Partners, Index Ventures, Technology Crossover Ventures"
"397","$100M","$2B","Insight Partners, Softbank Group, Connect Ventures"
"398","$225M","$2B","Technology Crossover Ventures, Accel, Aker"
"399","$119M","$2B","Accomplice, Polychain Capital, GoldenTree Asset Management"
"400","$719M","$2B","New Enterprise Associates, Founders Fund, Google Ventures"
"401","$257M","$2B","Felicis Ventures, Index Ventures, Blackbird Ventures"
"402","$381M","$2B","Insight Partners, Kibo Ventures, Bessemer Venture Partners"
"403","$435M","$2B","Kalaari Capital, Norwest Venture Partners, Prosus Ventures"
"404","$828M","$2B","Volkswagen, Access Industries, Vostok New Ventures"
"405","$142M","$2B","Moonshots Capital, BoxGroup, Blu Venture Investors"
"406","$261M","$2B","Redpoint Ventures, Providence Equity Partners, Silversmith Capital Partners"
"407","$466M","$2B","Digital Currency Group, Draper Esprit, Korelya Capital"
"408","$245M","$2B","PSG, ION Crossover Partners"
"409","$310M","$2B","Scale Venture Partners, Sapphire Ventures, Battery Ventures"
"410","$192M","$2B","Smilegate Investment, DSC Investments, KTB Ventures"
"411","$211M","$2B","Sequoia Capital, General Atlantic"
"412","$203M","$2B","Amiti Ventures, Playground Global, Aleph"
"413","$370M","$2B","Kaszek Ventures, SOSV, Tiger Global Management"
"414","$320M","$2B","Redpoint e.ventures, Valor Capital Group, SoftBank Latin America Fund"
"415","$217M","$2B","Global Founders Capital, Shea Ventures, Greycroft"
"416","$253M","$2B","Brighton Park Capital, Blue Cloud Ventures, Workday Ventures"
"417","$218M","$2B","Coatue Management, Index Ventures, Founders Fund"
"418","$225M","$2B","Mayfield Fund, Insight Partners, Rembrandt Venture Partners"
"419","$253M","$2B","Sequoia Capital, Y Combinator, F-Prime Capital"
"420","$435M","$2B","Fifty Years Fund, Refactor Capital, Temasek"
"421","$190M","$2B","Samsung Ventures, SingulariTeam, BP Ventures"
"422","$152M","$2B","Jackson Square Ventures, Madrone Capital Partners, Sequoia Capital"
"423","$129M","$2B","Amplify Partners, Addition, Madrona Venture Group"
"424","$755M","$2B","GGV Capital, QiMing Venture Partnersl"
"425","Unknown","$2B","Rubicon Technology Partners, Max Ventures, Inclusive Capital Partners"
"426","$299M","$2B","General Catalyst, Origin Ventures, Fontinalis Partners"
"427","$177M","$2B","Accel, Institutional Venture Partners, Tiger Global Management"
"428","$225M","$2B","Y Combinator, Andreessen Horowitz, Wonder Ventures"
"429","$331M","$2B","Norwest Venture Partners, Accel, Tiger Global Management"
"430","$340M","$2B","Sodexo Ventures, SoftBank Group"
"431","$204M","$2B","Kleiner Perkins Caufield & Byers, Sequoia Capital, General Catalyst"
"432","$376M","$2B","Sequoia Capital India, RTP Global, Go-Ventures"
"433","$544M","$2B","Soros Fund Management, Ribbit Capital, Monashees+"
"434","$90M","$2B","Sequoia Capital China, Warburg Pincus, IDG Capital"
"435","$125M","$2B","Shunwei Capital Partners, China Media Group, Guangzhou Huiyin Aofeng Equity Investment Fund"
"436","$419M","$2B","T. Rowe Price, Lockheed Martin Ventures, Fidelity Investment"
"437","$120M","$2B","GAM Holding"
"438","$380M","$2B","March Capital Partners, HOF Capital, Emergence Capital Partners"
"439","$401M","$2B","Menlo Ventures, GGV Capital, Flybridge Capital Partners"
"440","$744M","$2B","People Electrical Appliance Group China, Zhongrong International Trust"
"441","$282M","$2B","Sequoia Capital, Index Ventures, S Capital"
"442","$682M","$2B","Google Ventures, Sequoia Capital, Wakefield Group"
"443","$386M","$2B","OMERS Private Equity, T. Rowe Price, Technology Crossover Ventures"
"444","$151M","$2B","Andreessen Horowitz, Greylock Partners, Sequoia Capital"
"445","$390M","$2B","Norwest Venture Partners, Aspect Ventures, Lightspeed Venture Partners"
"446","$421M","$2B","Insight Venture Partners, ICONIQ Capital, Launchpad Venture Group"
"447","$219M","$2B","Zeev Ventures, Menlo Ventures,Crosslink Capital"
"448","$498M","$2B","Norwest Venture Partners, Hillsven Capital, Aleph"
"449","$325M","$2B","TPG Growth, Goldman Sachs"
"450","$152M","$2B","Andreessen Horowitz, Coatue Management, Clocktower Technology Ventures"
"451","$538M","$2B","Liberty City Ventures, RRE Ventures, Mithril Capital Management"
"452","$222M","$2B","Blackbird Ventures, IndexVentures, Tiger Global Management"
"453","$190M","$2B","BEENEXT, World Innovation Lab, Light Street Capital"
"454","$450M","$2B","Mayfield Fund, Shasta Ventures, L Catterton"
"455","$255M","$2B","Initialized Capital, Sound Ventures, TI Platform Management"
"456","$195M","$2B","Insight Partners, Sequoia Capital, Index Ventures"
"457","$139M","$2B","next47, First Round Capital, Sequoia Capital"
"458","$236M","$2B","QED Investors, DST Global, Left Lane Capital"
"459","$445M","$2B","Cybernaut Growth Fund, IDG Capital"
"460","$298M","$2B","Alta Partners, General Catalyst, Jove Equity Partners"
"461","$624M","$2B","Carsales"
"462","$266M","$2B","Forerunner Ventures, Institutional Venture Partners, Thrive Capital"
"463","$274M","$2B","Bessemer Venture Partners, Eight Roads Ventures, Battery Ventures"
"464","$902M","$2B","Kibo Ventures, SoftBank Group, Atomico"
"465","$179M","$2B","Paradigm, Huobi Ventures, Andreessen Horowitz"
"466","$403M","$2B","Yabeo Capital, SBI Investment, Vulcan Capital"
"467","$397M","$2B","IMM Investment, NXC"
"468","$364M","$2B","Index Ventures, Temasek, Portag3 Ventures"
"469","$285M","$2B","V FUND, IDG Capital, Green Pine Capital Partners"
"470","$517M","$2B","Tencent Holdings, Goldman Sachs"
"471","$577M","$2B","Gobi Partners, 500 Startups, Ondine Capital"
"472","$315M","$2B","Threshold Ventures, Baseline Ventures, Harrison Metal"
"473","$612M","$2B","Alpha Wave Global, Matrix Partners India, Tiger Global Management"
"474","$403M","$2B","Alta Partners, Questa Capital, Echo Health Venturesl"
"475","$358M","$2B","DataTribe, Energy Impact Partners, AllegisCyber Capital"
"476","$311M","$2B","MMC Ventures, BGF Ventures, Unilever Ventures"
"477","$251M","$2B","Nexus Venture Partners, Transamerica Ventures, Crane Venture Partners"
"478","$195M","$2B","Menlo Ventures, Alkeon Capital Management, Citi Ventures"
"479","$792M","$2B","Thrive Capital, Tiger Global Management, Temasek"
"480","$542M","$2B","Tao Capital Partners, Global Asset Capital, Tiger Global Management"
"481","$261M","$2B","Index Ventures, Kleiner Perkins Caufield & Byers, Bessemer Venture Partners"
"482","$237M","$2B","Crosslink Capital, .406 Ventures, Sapphire Ventures"
"483","$231M","$2B","SoftBank Group, Access Industries, Crossbeam Venture Partners"
"484","$663M","$2B","Eurazeo, IDInvest Partners, Balderton Capital"
"485","$200M","$2B","Stripe, Founders Fund, Partech Partners"
"486","$275M","$2B","Greycroft, Lerer Hippeau, Geekdom Fund"
"487","$497M","$2B","Temasek, Google Ventures, General Catalyst"
"488","$557M","$2B","Relay Ventures, TTV Capital, Canapi Ventures"
"489","$417M","$2B","Google Ventures, Index Ventures, Scale Venture Partners"
"490","$229M","$2B","Summit Partners, Noshaq, Sofinnova Partners"
"491","$275M","$2B","RedBird Capital Partners, CJ ENM, Tencent Holdings"
"492","$218M","$2B","Revolution, New Enterprise Associates, Caterpillar"
"493","$434M","$2B","Goodwater Capital, Warburg Pincus, GS Growth"
"494","$334M","$2B","Accel, Alven Capital, Storm Ventures"
"495","$277M","$2B","Knox Lane, Ainge Advisory, Carlson Private Capital Partners"
"496","$509M","$2B","General Catalyst, Eleation Capital, Avenir Growth Capital"
"497","$474M","$2B","Blumberg Capital, American Express Ventures, BDC Venture Capital"
"498","$423M","$2B","Softbank Group, AME Cloud Ventures, SignalFire"
"499","$792M","$2B","Jiangsu Sha Steel Group, Shanghai Puyin Industry, Funa Yuanchuang Technology"
"500","$378M","$2B","Pantera Capital, QED Investors, Coinbase Ventures"
"501","$422M","$2B","Bain Capital Ventures, Sixth Street Growth, Lightspeed Venture Partners"
"502","$402M","$2B","Expa, QED Investors, Foundation Capital"
"503","$400M","$2B","Andreessen Horowitz, Google Ventures, Section 32"
"504","$710M","$2B","Eastern Bell Capital 32, SDIC CMC Investment Management, Trustbridge Partners"
"505","$525M","$2B","General Atlantic, SoftBank Group, Atomico"
"506","$287M","$2B","Sequoia Capital"
"507","$550M","$2B","General Atlantic"
"508","$259M","$2B","Sierra Ventures, Battery Ventures, Asset Management Ventures"
"509","$351M","$2B","Fashion Tech Lab, Fidelity Investments, Vast Ventures"
"510","$172M","$2B","Google Ventures, Kleiner Perkins Caufield & Byers, Stripes Group"
"511","$305M","$2B","Viola Ventures, Insight Partners, ClalTech, Goldman Sachs"
"512","$240M","$2B","SOSV, Khosla Ventures, Lerer Hippeau"
"513","$374M","$2B","Founders Fund, Khosla Ventures, Goldman Sachs"
"514","$193M","$2B","Deer Park Road, Altamont Capital Partners, Eldridge"
"515","$298M","$2B","Zhangjiang Haocheng Venture Capital, Walden International, Intel Capital"
"516","$676M","$2B","8VC, D1 Capital Partners, Sway Ventures"
"517","$401M","$2B","Sequoia Capital China, Banyan Capital"
"518","$345M","$2B","Plug and Play Ventures, Valor Capital Group, DST Global"
"519","$96M","$2B","Sequoia Capital"
"520","$599M","$2B","btov Partners, Geely, Intel Capital"
"521","$507M","$2B","e.ventures, Bain Capital Ventures, Greycroft"
"522","$295M","$2B","Venrock, CVF Capital Partners, ARCH Venture Partners"
"523","$301M","$2B","Tiger Global Management, Sequoia Capital India, Ribbit Capital"
"524","$300M","$2B","Sixth Street Partners, Declaration Partners, Maverick Ventures Israel"
"525","$397M","$2B","Foundation Capital, Institutional Venture Partners, General Catalyst"
"526","$441M","$2B","SoftBank Group, SAIF Partners India, Valiant Capital Partners"
"527","$593M","$2B","Cherry Ventures, Northzone Ventures, Global Founders Capital"
"528","$529M","$2B","Accel, Passion Capital, Balderton Capital"
"529","$349M","$2B","FirstMark Capital, Tiger Global Management, ICONIQ Capital"
"530","$268M","$2B","Tencent Holdings, CRV, Clocktower Technology Ventures"
"531","$507M","$2B","GSR Ventures, Sapphire Ventures, Streamlined Ventures"
"532","$305M","$2B","Lightspeed Venture Partners, Sapphire Ventures, Kleiner Perkins Caufield & Byers"
"533","$450M","$2B","Point72 Ventures, Pelion Venture Partners, Commerce Ventures"
"534","$496M","$2B","Accel, frst, Kima Ventures"
"535","$277M","$2B","ICONIQ Growth, Bain Capital Ventures, Summit Partners"
"536","$365M","$2B","Khosla Ventures, Bain Capital Ventures, Lightspeed Venture Partners"
"537","$371M","$2B","VY Capital, Accel, Elevation Capital"
"538","$487M","$2B","Square Peg Capital, TDM Growth Partners, Tiger Global Management"
"539","$791M","$2B","JTC Group, Qatar Investment Authority, Fidelity Investment"
"540","$422M","$2B","Global Founders Capital, Aglae Ventures, Alven Capital"
"541","$1B","$2B","Sequoia Capital China, China Construction Bank, Bank of China"
"542","$536M","$2B","Vision Plus Capital, GSR Ventures, ZhenFund"
"543","$210M","$2B","Institutional Venture Partners, Atomico, Earlybird Venture Capital"
"544","$438M","$2B","DCM Ventures, IDG Capital, Siam Commercial Bank"
"545","$640M","$2B","Upfront Ventures, Tao Capital Partners, Andreessen Horowitz"
"546","$293M","$2B","Magma Venture Partners, Pitango Venture Capital, Qumra Capital"
"547","$658M","$2B","RRE Ventures, Tiger Global, August Capital"
"548","$341M","$2B","Ignition Partners, Formation 8, CRV"
"549","$449M","$2B","Accel Partners, Index Ventures, Insight Venture Partners"
"550","$115M","$2B","Northern Light Venture Capital, Xiaomi, FutureX Capital"
"551","$281M","$2B","Undisclosed"
"552","$218M","$2B","Insight Venture Partners, TPG Growth, Sound Ventures"
"553","$302M","$2B","Deciens Capital, Bezos Expeditions, 500 Startups"
"554","$433M","$2B","Highland Capital Partners, Oak HC/FT Partners, Emergence Capital Partners"
"555","$300M","$2B","Lightspeed Venture Partners, Almaz Capital Partners, Altimeter Capital"
"556","$381M","$2B","Alta Ventures Mexico, General Atlantic, SoftBank Group"
"557","$100M","$2B","Blackstone, Bessemer Venture Partners"
"558","$456M","$2B","8VC, Activant Capital, GLP Capital Partners"
"559","$370M","$2B","Andreessen Horowitz, Caffeinated Capital, SciFi VC"
"560","$410M","$2B","Lightspeed Venture Partners, Redpoint Ventures, Norwest Venture Partners"
"561","$475M","$2B","Nexus Venture Partners, Tenaya Capital, Sequoia Capital"
"562","$299M","$2B","K9 Ventures, Menlo Ventures, Andreessen Horowitz"
"563","$450M","$2B","Breega Capital, Iris Capital, 360 Capital Partners"
"564","$251M","$2B","Pitango Venture Capital, DFJ Growth Fund, Foundry Group"
"565","$523M","$2B","Tiantu Capital, CMB International Capital, Vision Knight Capital"
"566","$121M","$2B","Tomales Bay Capital, Bain & Company, General Catalyst"
"567","$517M","$2B","Zheshang Venture Capital, GP Capital, Western Capital Management"
"568","Unknown","$2B","Blackstone"
"569","$342M","$2B","CRV, Blue Cloud Ventures, Index Ventures"
"570","$550M","$2B","Meritech Capital Partners, Tiger Global Management, Spectrum Equity"
"571","$545M","$2B","Insight Partners, TPG Alternative & Renewable Technologies, Ireland Strategic Investment Fund"
"572","$614M","$2B","Bertelsmann Asia Investments, GGV Capital, Morningside Venture Capital"
"573","$569M","$2B","Index Ventures, Creandum, Accel"
"574","$507M","$2B","Qualcomm Ventures, SoftBank Group, Monashees+"
"575","$315M","$2B","SoftBank Group, Maverick Capital"
"576","$448M","$2B","SEED Capital, Greyhound Capital, Socii Capital"
"577","$503M","$2B","Qiming Venture Partners, Capital Today, General Atlantic"
"578","$3B","$2B","Obvious Ventures, Qualcomm Ventures, Andreessen Horowitz"
"579","$527M","$2B","Accel, D1 Capita Partners, Greenoaks Capital Management"
"580","$183M","$2B","Benchmark, Altimeter Capital, Quiet Capital"
"581","$192M","$2B","Insight Partners, Tiger Global Management, Gradient Ventures"
"582","$475M","$2B","Insight Partners, Warburg Pincus, Ayala Corporation"
"583","$408M","$2B","Eight Roads Ventures, One Peak Partners, Creandum"
"584","$202M","$2B","Andreessen Horowitz, Kleiner Perkins Caufield & Byers, EQT Ventures"
"585","$285M","$2B","A&NN, Rusnano"
"586","$570M","$2B","Sequoia Capital China, Source Code Capital, Redpoint Ventures China"
"587","$566M","$2B","next47, MaC Venture Capital, FinVC"
"588","$147M","$2B","Toyota Motor Corporation, Mizuho Financial Group, FANUC"
"589","$226M","$2B","Y Combinator, Matrix Partners, Benchmark"
"590","$356M","$2B","Viola Ventures, Dell Technologies Capital, Bain Capital Ventures"
"591","$410M","$2B","Japan Post Capital, Globis Capital Partners, Atomico"
"592","$296M","$2B","Rethink Impact, Work-Bench, RRE Ventures"
"593","$161M","$2B","Sequoia Capital, Paradigm, Pantera Capital"
"594","$296M","$2B","Khosla Ventures, Green Innovations, Founders Fund"
"595","$587M","$2B","Northzone Ventures, White Star Capital, Novator Partners"
"596","$200M","$2B","L Capital Partners"
"597","$365M","$2B","Blackrock, capitalG, World Lab Innovation"
"598","$432M","$2B","ClalTech, Vertex Ventures, Oryzn Capital"
"599","$373M","$2B","Caffeinated Capital, Obvious Ventures, Venrock"
"600","$768M","$2B","JD.com, Baidu, Vision Plus Capital"
"601","$950M","$2B","Matrix Partners China, Eastern Bell Capital, Hongtai Capital Holdings"
"602","$786M","$2B","Tencent Holdings, 5Y Capital, Sequoia Capital China"
"603","$339M","$2B","Gauss Ventures, Ventura Capital, dmg ventures"
"604","$188M","$1B","QF Capital, QC Capital, Unicom Innovation Venture Capital"
"605","$94M","$1B","ARCH Venture Partners, Ally Bridge Group"
"606","$62M","$1B","Lindeman Asia Investment, Nichi-Iko Pharmaceutical"
"607","$206M","$1B","Helion Venture Partners, Bain Capital Tech Opportunities, Sequoia Capital India"
"608","$547M","$1B","Blue Label Telecoms, Net1 UEPS Technologies"
"609","$523M","$1B","V Star Capital, GF Xinde Investment Management Co., Haitong Leading Capital Management"
"610","$227M","$1B","Insight Partners, B Capital Group, Lightspeed Venture Partners"
"611","$79M","$1B","DESUN Capital, Yunfeng Capital, Meridian Capital"
"612","$214M","$1B","Qiming Venture Partners, Vivo Capital, Sequoia Capital China"
"613","$151M","$1B","Temasek, BUILD Capital Partners, Northzone Ventures"
"614","$700M","$1B","Nextech Invest, Casdin Capital, Google Ventures"
"615","$231M","$1B","Highland Capital Partners, Next Coast Ventures, SoGal Ventures"
"616","$2B","$1B","CreditEase Fintech Investment Fund, BMW i Ventures, SoftBank Group"
"617","$211M","$1B","Kleiner Perkins Caufield & Byers, Comcast Ventures, Insight Partners"
"618","$310M","$1B","SoftBank Group"
"619","$139M","$1B","U.S.-China Green Fund, Founder H Fund, Richland Equities"
"620","$227M","$1B","IDG Capital, Gaocheng Capital, Chuanrong Capital"
"621","$223M","$1B","China Minsheng Investment, Baidu, Wanxin Media"
"622","$249M","$1B","Yinhong Equity Investment Fund, E Fund, Ideal International"
"623","$315M","$1B","QiMing Venture Partners, Temasek Holdings, Silverlink Capital"
"624","$131M","$1B","Matrix Partners China, Ventech China, Shunwei Capital Partners"
"625","$281M","$1B","Ding Xiang Capital, New Hope Fund, Sino-Ocean Capital"
"626","$143M","$1B","Index Ventures, Thrive Capital, Bain Capital Ventures"
"627","$229M","$1B","Yunqi Partners, SoftBank Group, iVision Ventures"
"628","$650M","$1B","Sequoia Capital China, InnoVision Capital, Qianhai Fund of Funds"
"629","$344M","$1B","Advent International"
"630","$52M","$1B",""
"631","$249M","$1B","Sequoia Capital India, The Times Group, GMO VenturePartners"
"632","$394M","$1B","Warburg Pincus, Summit Partners, Sands Capital"
"633","$1B","$1B","KKR, TowerBrook Capital Partners"
"634","$163M","$1B","Sierra Ventures, AXA Venture Partners, Sigma Prime Ventures"
"635","$268M","$1B","Source Code Capital, XVC Venture Capital, Hillhouse Capital Management"
"636","$164M","$1B","China Culture Industrial Investment Fund, We Capital, China Minsheng Investment Group"
"637","$329M","$1B","Durable Capital Partners, Cercano Management, T. Rowe Price"
"638","$211M","$1B","Marathon Venture Partners, Huagai Capital, China Creation Ventures"
"639","$43M","$1B","Qiming Venture Partners"
"640","Unknown","$1B","China Prosperity Capital"
"641","$2B","$1B","SoftBankGroup, Blackrock, Alibaba Group"
"642","$1B","$1B","American Express Ventures, Goldman Sachs, Bain Capital Credit"
"643","$310M","$1B","N5 Capital, CR Capital Mgmt, JD Digits"
"644","$171M","$1B","UNITY VENTURES, Qiming Venture Partners, GGV Capital"
"645","$154M","$1B","Shenzhen Capital Group, Robert Bosch Venture Capital, SeptWolves Ventures"
"646","$188M","$1B","Sequoia Capital China, China Life Investment Holding Company, Qiming Venture Partners"
"647","$352M","$1B","IA Ventures, Khosla Ventures, AME Cloud Ventures"
"648","$174M","$1B","Pelion Venture Partners, Foundation Capital, Thoma Bravo"
"649","$369M","$1B","Qiming Venture Partners, China Broadband Capital, CDH Investments"
"650","$230M","$1B","Bojiang Capital, Hongdao Capital, Mobai Capital"
"651","$307M","$1B","Dark Horse Technology Group, Hopu Investment Management, Kefa Capital"
"652","Unknown","$1B","NetEase Capital, Northern Light Venture Capital, Microsoft"
"653","$149M","$1B","GGV Capital, Hillhouse Capital Management, IDG Capital"
"654","$800M","$1B","Alibaba Group, KKR, Goldman Sachs"
"655","$554M","$1B","Source Code Capital, Global Logistic Properties, K2VC"
"656","$658M","$1B","Eastern Bell Capital, Capital Today, Longzhu Capital"
"657","$393M","$1B","Astanor Ventures, Upfront Ventures, IDInvest Partners"
"658","$2B","$1B","Ant Financial Services Group, GGV Capital"
"659","$947M","$1B","Sequoia Capital China, Qiming Venture Partners, Tencent Holdings"
"660","$394M","$1B","Geely, SIG Asia Investments, China State Capital Venture Capital Fund"
"661","$440M","$1B","Khosla Ventures, Horizons Ventures, Founders Fund"
"662","$660M","$1B","T. Rowe Price, Dragoneer Investment Group, BlackRock"
"663","$160M","$1B","8VC, Menlo Ventures, Tiger Global Management"
"664","$388M","$1B","Matrix Partners China, Sequoia Capital China, Genesis Capital"
"665","$98M","$1B","Jerusalem Venture Partners, Israel Growth Partners, Insight Partners"
"666","$235M","$1B","GGV Capital, IDG Capital, Linear Venture"
"667","$632M","$1B","YL Ventures, Redpoint Ventures, GGV Capital"
"668","$116M","$1B","Redpoint Ventures, QiMing Venture Partners, Chengwei Capital"
"669","$910M","$1B","Iris Capital, Accel, Elaia Partners"
"670","$665M","$1B","Chiratae Ventures, Accel, Kalaari Capital"
"671","$267M","$1B","Alibaba Group, China Everbright Investment Management, Yinxinggu Capital"
"672","$294M","$1B","Redpoint Ventures, Norwest Venture Partners, Sierra Ventures"
"673","$96M","$1B","Legend Capital, CDH Investments, Sequoia Capital China"
"674","$271M","$1B","Max Ventures, Mangrove Capital Partners, 14W"
"675","$650M","$1B","Warburg Pincus, Aviation Industry Corporation of China"
"676","$314M","$1B","Index Ventures, Eight Roads Ventures, General Atlantic"
"677","$236M","$1B","Insight Partners, Coinbase Ventures, PayPal Ventures"
"678","$572M","$1B","Morningside Ventures, Capital Today, JOY Capital"
"679","$511M","$1B","Source Code Capital, Meituan Dianping, Tencent Holdings"
"680","$207M","$1B","Source Code Capital, Coatue Management, DCM Ventures"
"681","$362M","$1B","China Grand Prosperity Investment, CSC Group"
"682","$228M","$1B","Slow Ventures, Andreessen Horowitz, SoftBank Group"
"683","$218M","$1B","Baidu, Tencent Holdings"
"684","$262M","$1B","General Atlantic"
"685","$323M","$1B","Left Lane Capital, Clocktower Technology Ventures, Jump Capital"
"686","$432M","$1B","Taigang Venture Capital"
"687","$183M","$1B","Kickstart Fund, General Catalyst, Drive Capital"
"688","$303M","$1B","Refactor Capital, Andreessen Horowitz, Fifty Years Fund"
"689","$181M","$1B","Global Founders Capital, Comcast Ventures, Forerunner Ventures"
"690","$407M","$1B","Seaya Ventures, Otter Rock Capital, Rakuten"
"691","$328M","$1B","KKR, Aspenwood Ventures, Spark Capital"
"692","$240M","$1B","Greylock Partners, General Catalyst, Khosla Ventures"
"693","$532M","$1B","Orange Digital Ventures, Access Industries"
"694","$318M","$1B","Signal Peak Ventures, Owl Ventures, Jump Capital"
"695","$237M","$1B","Newion Partners, SmartFin Capital, OMERS Ventures"
"696","$170M","$1B","Andreessen Horowitz, Initialized Capital, TriplePoint Capital"
"697","$509M","$1B","EQT Partners, Blackstone"
"698","$165M","$1B","Bonfire Ventures, Two Sigma Ventures, FJ Labs"
"699","$264M","$1B","TLV Partners, Zeev Ventures, Bessemer Venture Partners"
"700","$456M","$1B","Sequoia Capital India, Tiger Global Management, Tencent"
"701","$384M","$1B","Helion Venture Partners, Tiger Global management, CRV"
"702","$169M","$1B","New Enterprise Associates, CRV, Index Ventures"
"703","$368M","$1B","New Enterprise Associates, Tiger Global management, Tencent"
"704","$141M","$1B","Innovation Endeavors, s28 Capital, Lightspeed Venture Partners"
"705","$241M","$1B","Initialized Capital, Canaan Partners, Sound Ventures"
"706","$177M","$1B","Sequoia Capital India, Hummingbird Ventures, Epiq Capital"
"707","$521M","$1B","Sequoia Capital India, Lightbox Ventures, Coatue Management"
"708","$271M","$1B","Y Combinator, S Capital, Tenaya Capital"
"709","$314M","$1B","BlackRock, Tengelmann Ventures, Holtzbrinck Ventures"
"710","$286M","$1B","March Capital Partners, Temasek, Doha Venture Capital"
"711","$426M","$1B","Goodwater Capital, Entree Capital, Valar Ventures"
"712","$511M","$1B","BNP Paribas, Goldman Sachs, Google"
"713","$202M","$1B","Lightspeed Venture Partners, Access Industries, Eldridge"
"714","$382M","$1B","Simon Equity Partners, Wavemaker Partners, Anthem Venture Partners"
"715","$151M","$1B","Phoenix New Media, Tianjin Haihe Industry Fund"
"716","$436M","$1B","Bessemer Venture Partners, Vintage Investment Partners, Blumberg Capital"
"717","$720M","$1B","Propel Venture Partners, Monashees+, BBVA"
"718","Unknown","$1B","Summit Partners, Qatar Holding"
"719","$156M","$1B","Bessemer Venture Partners, Eniac Ventures, Canapi Ventures"
"720","$287M","$1B","8VC, Bedrock Capital, Broom Ventures"
"721","$722M","$1B","Sequoia Capital China, Goldman Sachs, Matrix Partners China"
"722","$496M","$1B","Green Pine Capital Partners, Ivy Capital, DCM Ventures"
"723","$390M","$1B","Menlo Ventures, Resolute Ventures, IA Ventures"
"724","$276M","$1B","Marchmont Ventures, BMW i Ventures, Index Ventures"
"725","$178M","$1B","Atinum Investment, Company K Partners, GIC"
"726","$115M","$1B","SC.Holdings, Not Boring Capital, Bolt Ventures"
"727","$67M","$1B","Goldman Sachs"
"728","$475M","$1B","MHS Capital, NextView Ventures, Mayfield Fund"
"729","$252M","$1B","Advantech Capital, Temasek Holdings Ltd., Tiantu Capital Co."
"730","$361M","$1B","Qiming Venture Partners, China Internet Investment Fund, Qualcomm Ventures"
"731","$335M","$1B","Bessemer Venture Partners, Menlo Ventures, Anthermis"
"732","$738M","$1B","SWaN & Legend Ventures, Revolution Growth, Invus Group"
"733","$102M","$1B","Initialized Capital, General Catalyst, Kraken Ventures"
"734","Unknown","$1B","Insight Partners, Silversmith Capital Partners, Spotify"
"735","$130M","$1B","Zeev Ventures, GSV Ventures"
"736","$399M","$1B","SignalFire, GLP Capital Partners, Google Ventures"
"737","$633M","$1B","York Capital Management, GE Healthcare, Koch Disruptive Technologies"
"738","$215M","$1B","Insight Partners, Sequoia Capital, Stripes Group"
"739","$128M","$1B","Left Lane Capital, Walden Venture Capital"
"740","$378M","$1B","Kaszek Ventures, QED Investors, International Finance Corporation"
"741","$166M","$1B","AirTree Ventures, Insight Partners, Index Ventures"
"742","$336M","$1B","Chromo Invest, Maersk Growth, BlackRock"
"743","$201M","$1B","Liberty City Ventures, Soros Fund Management, Summer Capital"
"744","$10M","$1B","Coatue Management, H Capital, Capital Today"
"745","$610M","$1B","Undisclosed"
"746","$408M","$1B","LocalGlobe, Kinnevik, Felix Capital"
"747","$291M","$1B","Lightspeed Venture Partners, Dell Technologies Capital, Wipro Ventures"
"748","$241M","$1B","FirstMark Capital, Tiger Global Management"
"749","$324M","$1B","Mitsubishi Corporation, Mayfair Equity Partners"
"750","$246M","$1B","BOLDstart Ventures, SAP.iO Fund, Scale Venture Partners"
"751","$165M","$1B","Sequoia Capital, Y Combinator, Accel"
"752","$157M","$1B","Tencent Holdings, Tiger Global Management, Global Founders Capital"
"753","$325M","$1B","Andreessen Horowitz, Prosus Ventures, Thrive Capital"
"754","$257M","$1B","Dila Capital, Framework Ventures, 3L"
"755","$594M","$1B","Sequoia Capital China, CMC Capital Partners, Tencent Holdings"
"756","$116M","$1B","Passion Capital, Hedosophia, Outrun Ventures"
"757","$260M","$1B","Javelin Venture Partners, Struck Capital, Alumni Ventures Group"
"758","$482M","$1B","Madrona Venture Group, Banner Ventures, FJ Labs"
"759","$148M","$1B","Andreessen Horowitz, Bessemer Venture Partners, Coatue Management"
"760","$45M","$1B","Trane Technologies, Honeywell"
"761","$14M","$1B","Shunwei Capital Partners, 5Y Capital, Legend Capital"
"762","$167M","$1B","Wamda Capital, Endeavor, Riverwood Capital"
"763","$520M","$1B","Cool Japan Fund, JAFCO, The Carlyle Group"
"764","$191M","$1B","Version One Ventures, Bessemer Venture Partners, FirstMark Capital"
"765","$111M","$1B","Craft Ventures, Caffeinated Capital, Operator Collective"
"766","$192M","$1B","Costanoa Ventures, Data Collective, Salesforce Ventures"
"767","$317M","$1B","Advent International, Battery Ventures, Sequoia Capital Israel"
"768","$448M","$1B","Sequoia Capital India, Hillhouse Capital Management, Sunley House Capital Management"
"769","$271M","$1B","Insight Partners, Salesforce Ventures, Perpetual Investors"
"770","$189M","$1B","RPM Ventures, Inspiration Ventures, Carrick Capital Partners"
"771","$230M","$1B","Polaris Partners, Insight Partners, Norwest Venture Partners"
"772","$148M","$1B","Accel, Greylock Partners, Meritech Capital Partners"
"773","$382M","$1B","GGV Capital, BlackRock, ACE & Company"
"774","$365M","$1B","FirstMark Capital, Tiger Global Management, FTX Venture"
"775","$337M","$1B","Flagship Pioneering, Alexandria Venture Investments, Investment Corporation of Dubai"
"776","$430M","$1B","GGV Capital, Tiger Global Management, Greycroft"
"777","$427M","$1B","Jungle Ventures, Helion Venture Partners, INGKA Investments"
"778","$345M","$1B","SoftBank Latin America Fund, Advent International, Balderton Capital"
"779","$281M","$1B","Qualcomm Ventures, Accel, Canaan Partners"
"780","$310M","$1B","L'Occitane, Trifecta Capital, Bessemer Venture Partners"
"781","$337M","$1B","Kinnevik, Softbank Group, Prosus Ventures"
"782","$124M","$1B","Pantera Capital, Polychain Capital, Lightspeed Venture Partners"
"783","$118M","$1B","Paradigm, Andreessen Horowitz, Jump Capital"
"784","$161M","$1B","Index Ventures, Sequoia Capital, Bezos Expeditions"
"785","$315M","$1B","Newpath Partners, Google Ventures, F-Prime Capital"
"786","$309M","$1B","Accel, Greycroft, Advancit Capital"
"787","$347M","$1B","Madrona Venture Group, Kleiner Perkins Caufield & Byers, Highland Capital Partners"
"788","$380M","$1B","Partech Partners, Index Ventures, Quadrille Capital"
"789","$189M","$1B","Mayfield, Madrona Venture Group, Tiger Global Management"
"790","$300M","$1B","IDG Capital, ZhenFund, Sequoia Capital China"
"791","$264M","$1B","Georgian Partners, Silver Lake, Presidio Ventures"
"792","$194M","$1B","Qualcomm Ventures, Accel, Canaan Partners"
"793","$9M","$1B","ICG"
"794","$573M","$1B","Norwest Venture Partners, Investcorp, Blackstone"
"795","$33M","$1B","CDIB Capital"
"796","$787M","$1B","Russia-China Investment Fund, Tencent Holdings, Sequoia Capital China"
"797","$144M","$1B","Sequoia Capital China, Qiming Venture Partners, Tencent Holdings"
"798","$197M","$1B","Goodwater Capital, Floodgate, Founders Fund"
"799","$167M","$1B","Kleiner Perkins Caufield & Byers, Afore Capital, Founders Fund"
"800","$875M","$1B","Qiming Venture Partners, Yaxia Automobile, Far East Horizon"
"801","$236M","$1B","Matrix Partners, Lightspeed Venture Partners, Verizon Ventures"
"802","$323M","$1B","General Catalyst, Bling Capital, Felicis Ventures"
"803","$339M","$1B","Pelion Venture Partners, Foundation Capital, Thoma Bravo"
"804","$192M","$1B","FirstMark Capital, Anthemis, CMFG Ventures"
"805","$150M","$1B","Venrock, Innovation Endeavors, Insights Partners"
"806","$205M","$1B","Dynamo VC, Susa Ventures, Founders Fund"
"807","$292M","$1B","Lightspeed Venture Partners, Khosla Ventures, Munich Re Ventures"
"808","$396M","$1B","China Reform Fund, Gaopeng Capital, Jinhui Xingye"
"809","$458M","$1B","Intact Ventures, Munich Re Ventures, General Atlantic"
"810","$193M","$1B","Sequoia Capital India, Rocketship.vc, Lightspeed India Partners"
"811","$205M","$1B","New Enterprise Associates, Koch Disruptive Technologies, Evolution Equity Partners"
"812","$288M","$1B","500 Global, Rakuten Ventures, Golden Gate Ventures"
"813","$140M","$1B","General Catalyst, Inspired Capital, Flybridge Capital Partners"
"814","$109M","$1B","Polychain Capital, Coinbase Ventures, Jump Capital"
"815","$120M","$1B","M13, Lightspeed Venture Partners, Lone Pine Capital"
"816","$304M","$1B","HV Capital, Softbank Group, BlackRock"
"817","$186M","$1B","Edison Partners, Georgian Partners, VentureLink"
"818","$172M","$1B","XBTO Ventures, Raven One Ventures, SK Ventures"
"819","$404M","$1B","Khosla Ventures, General Catalyst, Blumberg Capital"
"820","$258M","$1B","Pritzker Group Venture Capital, Accel, Hyde Park Venture Partners"
"821","$325M","$1B","BlueRun Ventures, Grand Flight Investment, Meituan Dianping"
"822","$656M","$1B","Spark Capital, Highland Europe, Sunstone Capital"
"823","$185M","$1B","Chiratae Ventures, SoftBank Group, Trifecta Capital"
"824","$134M","$1B","Ardian, Tiger Global Management, KKR"
"825","$136M","$1B","Tiantu Capital, SAIF Partners China, Newsion Venture Capital"
"826","$169M","$1B","8VC, Norwest Venture Partners, Tiger Global Management"
"827","$166M","$1B","WestBridge Capital, GSV Ventures, Elevar Equity"
"828","$346M","$1B","Auriga, Galeo Ventures, Highland Europe"
"829","$200M","$1B","GGV Capital, Lightspeed Venture Partners, ICONIQ Capital"
"830","$433M","$1B","The Carlyle Group"
"831","$130M","$1B","Thrive Capital, Khosla Ventures, Tiger Global Management"
"832","$340M","$1B","Accelm Scania Growth Capital, Lakestar"
"833","$274M","$1B","Opus Capital, Genesis Partners, Battery Ventures"
"834","$307M","$1B","Insight Partners, e.ventures, General Atlantic"
"835","$210M","$1B","Zeev Ventures, Group11, Chicago Ventures"
"836","$361M","$1B","Draper Fisher Jurtson, Qualcomm Ventures, Alibaba Group"
"837","$90M","$1B","Mangrove Capital Partners,14W, ForgeLight"
"838","$202M","$1B","LocalGlobe, Balderton Capital, Target Global"
"839","$53M","$1B","Beijing Juneng Hesheng Industry Investment Fund, Beijing Shuju Xinrong Fund"
"840","$111M","$1B","Fireside Ventures, Sequoia Capital India, Stellaris Venture Partners"
"841","$200M","$1B","Inflexion Private Equity"
"842","$247M","$1B","SAIF Partners India, Warburg Pincus, Trifecta Capital Advisors"
"843","$223M","$1B","Goldman Sachs, Leonardo DiCaprio, Promecap"
"844","$408M","$1B","Bain Capital, Altos Ventures, Songhyun Investment"
"845","$107M","$1B","General Catalyst, Future Ventures, AU21"
"846","$217M","$1B","Founders Fund, Upfront Ventures, 01 Advisors"
"847","$132M","$1B","New Enterprise Associates, Greylock Partners, Andreessen Horowitz"
"848","$250M","$1B","Sequoia Capital China, Rich Land Capital, Merrysunny Wealth"
"849","$100M","$1B","Dragonfly Captial, Qiming Venture Partners, DST Global"
"850","$277M","$1B","Bain Capital Tech Opportunities, Andreessen Horowitz, Sequoia Capital"
"851","$221M","$1B","FundersClub, Y Combinator, Tiger Global Management"
"852","$86M","$1B","Intel Capital, Aviv Venture Capital"
"853","$1B","$1B","Sequoia Capital China, Gopher Asset Management, Shanghai Electric Group"
"854","$86M","$1B","Goldman Sachs Asset Management, SDP Investment, Alibaba Group"
"855","$300M","$1B","KKR, Alibaba Group, Ping An Insurance"
"856","$240M","$1B","Hillhouse Capital Management, Sequoia Capital China, Linear Venture"
"857","$273M","$1B","Sequoia Capital China, Lenovo Capital and Incubator, Group GSR Ventures"
"858","$226M","$1B","Balderton Capital, Next World Capital, Draper Esprit"
"859","$245M","$1B","Softbank Ventures Asia, Alpha JWC Ventures, Insignia Ventures Partners"
"860","$524M","$1B","Jackson Square Ventures, Greenoaks Capital Management, Softbank Group"
"861","$240M","$1B","Mayfield, Accel, Norwest Venture Partners"
"862","$243M","$1B","Invus Group, Hanaco Venture Capital, WestCap Group"
"863","$187M","$1B","Madrona Venture Group, Tiger Global Management, Madera Technology Partners"
"864","$160M","$1B","Andreessen Horowitz, Intel Capital, Foundation Capital"
"865","$200M","$1B","Andreessen Horowitz, Coinbase Ventures, Tiger Global Management"
"866","$265M","$1B","TLV Partners, Lightspeed Venture Partners, M12"
"867","Unknown","$1B","Advent International, PSG, Providence Equity Partners"
"868","$534M","$1B","Vista Equity Partners, Warburg Pincus, First Ascent Ventures"
"869","$294M","$1B","Lerer Hippeau, Munich Re Ventures, Eclipse Ventures"
"870","$64M","$1B","Lemniscap VC, North Island Ventures, Polychain Capital"
"871","$150M","$1B","C5 Capital, Hemisphere Ventures, The Venture Collective"
"872","$697M","$1B","Yunfeng Capital, SDIC Innovation Investment Management, Shang Qi Capital"
"873","$224M","$1B","Banyan Capital, New Horizon Capital, IDG Capital Partners"
"874","$292M","$1B","Woodford Investment Management"
"875","$800M","$1B","Ardian, Bain Capital"
"876","$205M","$1B","QED Investors, DST Global, Endeavor"
"877","$170M","$1B","Georgian Co-Investment Fund, iTech Capital, Galaxy Digital"
"878","$352M","$1B","Accel, Sands Capital, International Finance Corporation"
"879","$238M","$1B","FirstMark Capital, Georgian Partners, Norwest Venture Partners"
"880","$526M","$1B","8VC, Liberty Strategic Capital, Eden Global Partners"
"881","$210M","$1B","Mundi Ventures, Doqling Capital Partners, Activant Capital"
"882","$241M","$1B","WRVI Capital, Caffeinated Capital, Y Combinator"
"883","$185M","$1B","Salesforce Ventures, next47, Pereg Ventures"
"884","$538M","$1B","Union Square Ventures, Summerhill Venture Partners, Mithril Capital Management"
"885","$141M","$1B","Thrive Capital, General Catalyst, Coatue Management"
"886","$406M","$1B","Franklin Templeton, Motive Partners, Apollo Global Management"
"887","$165M","$1B","Lightspeed Venture Partners, Kleiner Perkins Caufield & Byers, Origin Ventures"
"888","$570M","$1B","Thrive Capital, Durable Capital Partners, G Squared"
"889","$390M","$1B","Valor Capital Group, Lightrock, Softbank Group"
"890","$595M","$1B","SingTel Innov8, Alpha JWC Ventures, Golden Gate Ventures"
"891","Unknown","$1B","Bain Capital"
"892","$182M","$1B","Battery Ventures, Tiger Global Management, Hanaco Ventures"
"893","$254M","$1B","Greylock Partners, Lux Capital, General Atlantic"
"894","$140M","$1B","Andreessen Horowitz, DST Global, IDG Capital"
"895","$109M","$1B","DST Global, General Catalyst, Monashees+"
"896","$305M","$1B","American Family Ventures, Cox Enterprises, OMERS Ventures"
"897","$196M","$1B","Trinity Ventures, Madrona Venture Group, Shasta Ventures"
"898","$269M","$1B","Acero Capital, General Catalyst, M12"
"899","$107M","$1B","Lightspeed India Partners, Sequoia Capital India, Endiya Partners"
"900","$232M","$1B","Vitruvian Partners, Merieux Equity Partners, Straumann"
"901","$549M","$1B","Standard Chartered, FinSight Ventures, Affirma Capital"
"902","$128M","$1B","Cowboy Ventures, Leaders Fund, GGV Capital"
"903","$325M","$1B","Bessemer Venture Partners, Pitango Venture Capital, D1 Capital Partners"
"904","$79M","$1B","Multicoin Capital, Coatue Management, Dragonfly Capital Partners"
"905","$682M","$1B","Tencent Holdings, DCM Ventures"
"906","$460M","$1B","FTV Capital, Endeavor"
"907","$105M","$1B","Delian Capital, China International Capital Corporation, Sequoia Capital China"
"908","$209M","$1B","Primary Venture Partners, Bessemer Venture Partners, Harmonic Growth Partners"
"909","$279M","$1B","OLX Group, KCK Group, EXOR Seeds"
"910","$145M","$1B","Next Play Ventures, Zeal Capital Partners, SoftBank Group"
"911","$259M","$1B","B Capital Group,, GE Ventures, McKesson Ventures"
"912","$258M","$1B","Paladin Capital Group, Greycroft, Scale Venture Partners"
"913","$294M","$1B","Innovation Endeavors, Aleph, Temasek"
"914","$277M","$1B","Global Founders Capital, Shea Ventures, Greycroft"
"915","$299M","$1B","Accel, 14W, GS Growth"
"916","$391M","$1B","Bertelsmann Asia Investments, Sequoia Capital China, NIO Capital"
"917","$314M","$1B","L Catterton, Trellis Partners, Vista Equity Partners"
"918","$350M","$1B","SCB 10X, Krungsri Finnovate, eWTP Capital"
"919","$359M","$1B","Prometheus Capital, Matrix Partners China, JD Capital Management"
"920","$685M","$1B","TPG Capital, Apax Partners, TA Associates"
"921","$156M","$1B","Accomplice, Oak Investment Partners, Georgian Partners"
"922","$283M","$1B","IDG Capital, Northern Light Venture Capital, DCM Ventures"
"923","$45M","$1B","Polychain Capital, Paradigm, Ribbit Capital"
"924","$439M","$1B","Volcanics Ventures, Vertex Ventures China, Warburg Pincus"
"925","$269M","$1B","Greylock Partners, Google Ventures, BlackRock"
"926","$152M","$1B","Wildcat Capital Management, Insight Partners, Tola Capital"
"927","$284M","$1B","Y Combinator, M12, SEEK"
"928","$362M","$1B","TDK Ventures, Social Capital, D1 Capital Partners"
"929","$221M","$1B","Glory Ventures, Maniv Mobility"
"930","$157M","$1B","Qualcomm Ventures, Nine Intelligence Capital, Hillhouse Capital Management"
"931","$137M","$1B","Nexus Venture Partners, Vertex Ventures, STRIVE"
"932","$100M","$1B","Tencent Holdings, Hillhouse Capital Management"
"933","$800M","$1B","Khosla Ventures,General Catalyst, Victory Park Capital"
"934","$330M","$1B","Ginko Ventures"
"935","$127M","$1B","Technology Crossover Ventures, Alkeon Capital Management, General Atlantic"
"936","$302M","$1B","Fosun RZ Capital, Oceanwide Holdings, Shenzhen Qianhe Capital Management Co."
"937","$337M","$1B","Wing Venture Capital, Slow Ventures, Uncork Capital"
"938","$93M","$1B","Koch Disruptive Technologies, Teamworthy Ventures, GGV Capital"
"939","$200M","$1B","Tencent, Vcanbio"
"940","$592M","$1B","Movile, Just Eat, Naspers"
"941","$600M","$1B","Atomico, Hanaco Venture Capital, TriplePoint Capital"
"942","$200M","$1B","One Equity Partners"
"943","$17M","$1B","Pantera Capital, Cadenza Ventures, BlockTower Capital"
"944","$173M","$1B","BOC International, TopoScend Capital, Hongxiu VC"
"945","$135M","$1B","Kleiner Perkins Caufield & Byers, NightDragon Security, Venrock"
"946","Unknown","$1B","Advent International, Bain Capital Ventures, Silversmith Capital Partners"
"947","$92M","$1B","Genesis Partners, Aleph, Insight Partners"
"948","Unknown","$1B","Berkshire Partners, Norwest Venture Partners"
"949","$504M","$1B","CE-Ventures, BECO Capital, Nordstar"
"950","$306M","$1B","TAL Education Group, Legend Star, Alibaba Group"
"951","$333M","$1B","Horizons Ventures, Sequoia Capital India, Alpha JWC Ventures"
"952","$130M","$1B","5Y Capital, Matrix Partners China, K2VC"
"953","$143M","$1B","Andreessen Horowitz, FTX Ventures, Tiger Global Management"
"954","$205M","$1B","Khosla Ventures, General Catalyst, Navitas Capital"
"955","$263M","$1B","Optum Ventures, Qiming Venture Partners, Transformation Capital"
"956","$489M","$1B","3one4 Capital Partners, Bertelsmann India Investments, Vertex Ventures SE Asia"
"957","$253M","$1B","China Investment Corporation, New Enterprise Associates"
"958","$299M","$1B","Scale Venture Partners, Bond, Tiger Global Management"
"959","$282M","$1B","Accel Partners, Greylock Partners, Lowercase Capital"
"960","$263M","$1B","NewAlpha, XAnge Private Equity, Tencent Holdings"
"961","$336M","$1B","Flybridge Capital Partners, SoftBank Group, Monashees+"
"962","$300M","$1B","Morningside Venture Capital, IDG Capital, DCM Ventures"
"963","$265M","$1B","NFX, Plum Alley, Mayfield"
"964","$110M","$1B","Left Lane Capital, Galaxy Interactive, Tru Arrow Partners"
"965","$202M","$1B","Female Founders Fund, Oak HC/FT Partners, Sequoia Capital"
"966","$325M","$1B","Silicon Valley Bank, QED Investors, European Founders Fund"
"967","$293M","$1B","Aglae Ventures, Global Founders Capital, Alven Capital"
"968","$218M","$1B","Accel, Falcon Edge Capital, Norwest Venture Partners"
"969","$232M","$1B","Sequoia Capital China, ZhenFund, K2 Ventures"
"970","$126M","$1B","General Catalyst, Nexus Venture Partners, Dell Technologies Capital"
"971","$252M","$1B","Sequoia Capital China, SIG Asia Investments, ZhenFund"
"972","$144M","$1B","GGV Capital, GSR Ventures, FreesFund"
"973","$1B","$1B","Sinovation Ventures, Tencent Holdings, Sequoia Capital China"
"974","$91M","$1B","Advance Venture Partners, Susquehanna Growth Equity, Lupa Systems"
"975","$588M","$1B","Innova Capital - FIP, 3G Capital Management, Prosus Ventures"
"976","$174M","$1B","Accel, Cobalt Capital, Andreessen Horowitz"
"977","$463M","$1B","Danone Manifesto Ventures, 1955 Capital, Breakthrough Energy Ventures"
"978","$655M","$1B","JOY Capital, NIO Capital, Blueflame Capital"
"979","$151M","$1B","IDG Capital, Francisco Partners, ZhenFund"
"980","$172M","$1B","Owl Ventures, Technology Crossover Ventures, Tao Capital Partners"
"981","$285M","$1B","Vertex Ventures SE Asia, Global Founders Capital, Visa Ventures"
"982","$424M","$1B","General Atlantic, Elevation Capital, BEENEXT"
"983","$220M","$1B","Insight Partners, Lightspeed Venture Partners, CyberStarts"
"984","$105M","$1B","Investment Corporation of Dubai, Centralway"
"985","$449M","$1B","U.S. Venture Partners, dRx Capital, Andreessen Horowitz"
"986","$396M","$1B","Lakestar, Battery Ventures, New Enterprise Associates"
"987","$515M","$1B","Temasek, Guggenheim Investments, Qatar Investment Authority"
"988","$223M","$1B","Insight Partners, AltaIR Capital, Norma Investments"
"989","$200M","$1B","R-Z Capital, Green Pine Capital Partners, SAIF Partners China"
"990","$192M","$1B","Lightspeed Venture Partners, Data Collective, 8VC"
"991","$252M","$1B","Accomplice, Juxtapose, FirstMark Capital"
"992","$254M","$1B","Google Ventures, Cathay Innovation, NJF Capital"
"993","$51M","$1B","Rembrandt Venture Partners, M12, Altos Ventures"
"994","$60M","$1B","One Luxury Group, Eurazeo"
"995","$352M","$1B","Sequoia Capital China, Shunwei Capital Partners, Qualgro"
"996","$239M","$1B","Earlybird Venture Capital, Eleven Ventures, QED Investors"
"997","$190M","$1B","AWZ Ventures, Blackstone, Insight Partners"
"998","$125M","$1B","Prysm Capital, Baillie Gifford & Co., TDM Growth Partners"
"999","$195M","$1B","Sequoia Capital, DCM Ventures, Insight Partners"
"1000","$100M","$1B","Goldman Sachs Asset Management, 3L"
"1001","$166M","$1B","Fifth Wall Ventures, JBV Capital, Array Ventures"
"1002","$140M","$1B","Sozo Ventures, Caffeinated Capital, Sequoia Capital"
"1003","Unknown","$1B","DST Global, Sequoia Capital China, Gaorong Capital"
"1004","$370M","$1B","Wellington Management, Eurazeo, Citi Ventures"
"1005","$130M","$1B","Bregal Sagemount"
"1006","$226M","$1B","Insight Partners, Bain Capital Ventures"
"1007","$62M","$1B","Union Square Ventures, Altos Ventures, Costanoa Ventures"
"1008","$273M","$1B","Green Bay Ventures, M12, Andreessen Horowitz"
"1009","$167M","$1B","Global Founders Capital, 468 Capital, Redalpine Venture Partners"
"1010","$250M","$1B","Silver Lake Partners, General Atlantic"
"1011","$2B","$1B","Target Global, UBS Asset Management, Mubadala Capital"
"1012","$330M","$1B","KKR, FTV Capital, Ten Eleven Ventures"
"1013","$15M","$1B","K2 Global, 500 Startups"
"1014","$484M","$1B","Alpargatas, GS Growth, Lightspeed Venture Partners"
"1015","$1B","$1B","Tiger Global Management, Hedosophia"
"1016","$310M","$1B","Speedinvest, Valar Ventures, Uniqa Ventures"
"1017","$416M","$1B","Fasanara Capital, Tiger Global Management, Baleen Capital"
"1018","$273M","$1B","Atomico, NGP Capital, Google Ventures"
"1019","$127M","$1B","New Enterprise Associates, Accel, Bond"
"1020","$328M","$1B","Andreessen Horowitz, Homebrew, Point72 Ventures"
"1021","$545M","$1B","Griffin Gaming Partners, Andreessen Horowitz, Battery Ventures"
"1022","$331M","$1B","Hyde Park Venture Partners, FundersClub, Bain Capital Ventures"
"1023","$154M","$1B","Version One Ventures, Uncork Capital, Bessemer Venture Partners"
"1024","$163M","$1B","GreatPoint Ventures, Tiger Global Management, Menlo Ventures"
"1025","$157M","$1B","Union Square Ventures, Insight Partners, Spark Capital"
"1026","$340M","$1B","Andreessen Horowitz, Andreessen Horowitz, Institutional Venture Partners, Accel"
"1027","$249M","$1B","Gunosy Capital, Blume Ventures, Das Capital"
"1028","$161M","$1B","Javelin Venture Partners, TTV Capital, Peterson Ventures"
"1029","$255M","$1B","Goldman Sachs, Insights Venture Partners, Pritzker Group Venture Capital"
"1030","$371M","$1B","Andreessen Horowitz, Triangle Peak Partners, Ignition Partners"
"1031","$135M","$1B","Greylock Partners, Google Ventures, BlackRock"
"1032","$172M","$1B","True Ventures, Altimeter Capital, Redpoint Ventures"
"1033","$215M","$1B","Tencent Holdings, Walden Venture Capital, Global Catalyst Partnera"
"1034","$114M","$1B","Storm Ventures, DFJ DragonFund, New Enterprise Associates"
"1035","$239M","$1B","CRV, Y Combinator, Initialized Capital"
"1036","$126M","$1B","Index Ventures, Benchmark, Thrive Capital"
"1037","$326M","$1B","Index Ventures, IDInvest Partners, Daphni"
"1038","$376M","$1B","Prime Movers Lab, Khosla Ventures, I Squared Capital"
"1039","$336M","$1B","Matrix Partners, Passport Capital, Rho Ventures"
"1040","$235M","$1B","Eclipse Ventures, Fidelity Investments, Moore Capital Management"
"1041","$623M","$1B","China Everbright Limited, IDG Capital, iFLYTEK"
"1042","$151M","$1B","Sequoia Capital China, Linear Venture, Hearst Ventures"
"1043","$257M","$1B","Silverton Partners, Accel, Ballast Point Ventures"
"1044","$210M","$1B","Northzone Ventures, Maveron, Johnson & Johnson Innovation"
"1045","$403M","$1B","British Patient Capital, SEB Venture Capital, IQ Capital"
"1046","$181M","$1B","New Enterprise Associates, Benchmark, Two Sigma Ventures"
"1047","$120M","$1B","Insight Partners, Ignition Partners, Georgian Partners"
"1048","$51M","$1B","GCP Capital Partners"
"1049","$156M","$1B","Sequoia Capital, Thrive Capital, Sound Ventures"
"1050","$271M","$1B","Anthemis, Connect Ventures, Northzone Ventures"
"1051","$237M","$1B","Big Bets, General Atlantic, SOFTBANK Latin America Ventures"
"1052","$163M","$1B","FTV Capital"
"1053","$292M","$1B","Accel, Tiger Global Management, Omidyar Network"
"1054","$585M","$1B","Zeev Ventures, Bond, Fifth Wall Ventures"
"1055","$128M","$1B","Sequoia Capital, Founders Fund, Bling Capital"
"1056","$217M","$1B","Foundation Capital, Summit Partners, Adams Street Partners"
"1057","$516M","$1B","Vostok New Ventures, The Raine Group, Balderton Capital"
"1058","$308M","$1B","Accel Partners, Comcast Ventures, General Atlantic"
"1059","$187M","$1B","Trinity Ventures, Fifth Wall Ventures, OpenView Venture Partners"
"1060","$70M","$1B","Kleiner Perkins Caufield & Byers, Sequoia Capital"
"1061","$200M","$1B","Coatue Management, Insight Partners, Trinity Ventures"
"1062","$871M","$1B","Sequoia Capital China, ING, Alibaba Entrepreneurs Fund"
"1063","$330M","$1B","SAIF Partners China, Baidu, IDG Capital"
"1064","$131M","$1B","Equal Ventures, Uncork Capital, Andreessen Horowitz"
"1065","$215M","$1B","Accel, Y Combinator, Amasia"
"1066","$200M","$1B","Eastern Bell Capital, Danhua Capital, MSA Capital"
"1067","$182M","$1B","Co-Energy Finance, Grandland"
"1068","$492M","$1B","RRE Ventures+, Highland Capital Partners, The Carlyle Group"
"1069","$389M","$1B","Matrix Partners China, Sequoia Capital China, Hundreds Capital"
"1070","$379M","$1B","K2 Ventures, Matrix Partners China, IDG Capital"
"1071","$990M","$1B","58.com, Tencent Holdings"
"1072","$80M","$1B","Xingwang Investment Management, China Capital Investment Group, Matrix Partners China"
"1073","$792M","$1B","IAG Capital Partners, Augmentum Fintech, Northzone Ventures"
"1074","$620M","$1B","Novator Partners, True, Causeway Media Partners"
